Outcome (vs LL),Predictor,OR,95% CI,p,sig
HH,Visible minority (%),0.78,"[0.61, 1.00]",0.049,*
HH,Age 65+ (%),1.45,"[1.20, 1.76]",0.0,***
HH,LIM-AT (%),0.78,"[0.63, 0.97]",0.027,*
HH,Education (Bach+%),1.32,"[1.04, 1.67]",0.021,*
HH,Active living env.,0.97,"[0.79, 1.18]",0.73,ns
LH,Visible minority (%),0.95,"[0.76, 1.19]",0.662,ns
LH,Age 65+ (%),0.98,"[0.79, 1.20]",0.836,ns
LH,LIM-AT (%),0.9,"[0.74, 1.09]",0.279,ns
LH,Education (Bach+%),1.29,"[1.04, 1.62]",0.023,*
LH,Active living env.,0.91,"[0.75, 1.09]",0.301,ns
HL,Visible minority (%),1.07,"[0.82, 1.39]",0.611,ns
HL,Age 65+ (%),1.09,"[0.87, 1.38]",0.454,ns
HL,LIM-AT (%),1.05,"[0.87, 1.28]",0.597,ns
HL,Education (Bach+%),0.97,"[0.75, 1.24]",0.795,ns
HL,Active living env.,0.67,"[0.49, 0.91]",0.011,*
