comparison,variable,OR,95% CI,p_value,sig
LH vs LL,const,0.35,"[0.25, 0.49]",0.0,***
LH vs LL,pct_bachelor_plus,1.187,"[0.93, 1.52]",0.1759,ns
LH vs LL,pct_age_0_14,1.561,"[1.23, 1.98]",0.0002,***
LH vs LL,pct_age_65plus,1.052,"[0.83, 1.33]",0.6773,ns
LH vs LL,pct_visible_minority,0.97,"[0.75, 1.25]",0.817,ns
LH vs LL,pct_LIM_AT,0.877,"[0.72, 1.07]",0.2043,ns
LH vs LL,ALE_index,1.257,"[0.96, 1.65]",0.1001,ns
LH vs LL,sports_fields,1.366,"[0.90, 2.07]",0.1417,ns
LH vs LL,courts,1.356,"[0.90, 2.05]",0.147,ns
LH vs LL,trails,0.358,"[0.15, 0.86]",0.021,*
LH vs LL,dog_offleash,1.753,"[1.04, 2.94]",0.0338,*
LH vs LL,water_play,1.516,"[0.97, 2.38]",0.07,ns
LH vs LL,beach_waterfront,7.367,"[3.15, 17.20]",0.0,***
LH vs LL,picnic,3.348,"[1.79, 6.27]",0.0002,***
LH vs LL,community_garden,0.932,"[0.56, 1.54]",0.7841,ns
HH vs LL,const,0.127,"[0.08, 0.20]",0.0,***
HH vs LL,pct_bachelor_plus,0.893,"[0.67, 1.19]",0.4374,ns
HH vs LL,pct_age_0_14,1.302,"[0.99, 1.72]",0.0621,ns
HH vs LL,pct_age_65plus,1.171,"[0.91, 1.51]",0.2177,ns
HH vs LL,pct_visible_minority,0.704,"[0.52, 0.95]",0.0234,*
HH vs LL,pct_LIM_AT,0.693,"[0.54, 0.90]",0.0051,**
HH vs LL,ALE_index,0.808,"[0.58, 1.13]",0.209,ns
HH vs LL,sports_fields,1.512,"[0.93, 2.46]",0.095,ns
HH vs LL,courts,1.036,"[0.64, 1.68]",0.8853,ns
HH vs LL,trails,1.415,"[0.59, 3.40]",0.438,ns
HH vs LL,dog_offleash,3.055,"[1.75, 5.32]",0.0001,***
HH vs LL,water_play,3.682,"[2.21, 6.13]",0.0,***
HH vs LL,beach_waterfront,11.932,"[4.95, 28.79]",0.0,***
HH vs LL,picnic,2.172,"[1.07, 4.41]",0.0317,*
HH vs LL,community_garden,0.408,"[0.21, 0.78]",0.0068,**
HL vs LL,const,0.082,"[0.05, 0.14]",0.0,***
HL vs LL,pct_bachelor_plus,1.072,"[0.81, 1.43]",0.6322,ns
HL vs LL,pct_age_0_14,0.834,"[0.62, 1.12]",0.2222,ns
HL vs LL,pct_age_65plus,1.013,"[0.78, 1.32]",0.926,ns
HL vs LL,pct_visible_minority,1.059,"[0.78, 1.43]",0.7092,ns
HL vs LL,pct_LIM_AT,1.026,"[0.82, 1.28]",0.8187,ns
HL vs LL,ALE_index,0.57,"[0.38, 0.85]",0.0066,**
HL vs LL,sports_fields,5.194,"[3.05, 8.85]",0.0,***
HL vs LL,courts,1.144,"[0.71, 1.85]",0.5826,ns
HL vs LL,trails,0.564,"[0.22, 1.46]",0.2367,ns
HL vs LL,dog_offleash,3.612,"[2.06, 6.34]",0.0,***
HL vs LL,water_play,1.367,"[0.81, 2.31]",0.241,ns
HL vs LL,beach_waterfront,2.556,"[0.92, 7.10]",0.0717,ns
HL vs LL,picnic,1.476,"[0.72, 3.04]",0.291,ns
HL vs LL,community_garden,1.76,"[1.01, 3.08]",0.0475,*
