comparison,variable,OR,CI_low,CI_high,p_value,sig
LH vs LL,const,0.341,0.245,0.475,0.0,***
LH vs LL,ale16_08,0.963,0.781,1.188,0.7253,ns
LH vs LL,sports_fields,1.243,0.838,1.844,0.2797,ns
LH vs LL,courts,1.403,0.944,2.086,0.0943,ns
LH vs LL,trails,0.431,0.186,0.999,0.0496,*
LH vs LL,dog_offleash,1.811,1.087,3.018,0.0226,*
LH vs LL,water_play,1.754,1.126,2.731,0.0129,*
LH vs LL,beach_waterfront,7.22,3.254,16.016,0.0,***
LH vs LL,picnic,2.903,1.577,5.343,0.0006,***
LH vs LL,community_garden,1.03,0.652,1.626,0.8999,ns
HH vs LL,const,0.124,0.08,0.19,0.0,***
HH vs LL,ale16_08,0.694,0.527,0.912,0.0089,**
HH vs LL,sports_fields,1.276,0.802,2.031,0.3041,ns
HH vs LL,courts,1.085,0.68,1.73,0.7333,ns
HH vs LL,trails,1.319,0.566,3.073,0.5216,ns
HH vs LL,dog_offleash,3.162,1.828,5.468,0.0,***
HH vs LL,water_play,4.218,2.554,6.966,0.0,***
HH vs LL,beach_waterfront,15.293,6.641,35.217,0.0,***
HH vs LL,picnic,2.033,1.03,4.009,0.0407,*
HH vs LL,community_garden,0.51,0.279,0.932,0.0287,*
HL vs LL,const,0.09,0.055,0.149,0.0,***
HL vs LL,ale16_08,0.641,0.458,0.896,0.0093,**
HL vs LL,sports_fields,5.201,3.102,8.719,0.0,***
HL vs LL,courts,1.087,0.686,1.724,0.7222,ns
HL vs LL,trails,0.512,0.201,1.307,0.1615,ns
HL vs LL,dog_offleash,3.706,2.112,6.502,0.0,***
HL vs LL,water_play,1.373,0.824,2.286,0.2234,ns
HL vs LL,beach_waterfront,2.843,1.079,7.493,0.0345,*
HL vs LL,picnic,1.526,0.749,3.112,0.2445,ns
HL vs LL,community_garden,1.468,0.889,2.425,0.1335,ns
