DAUID,salience,satisfaction_sentiment,satisfaction_star,coverage_pct,n_reachable_parks,n_qualifying_parks
59150307,404.7267,0.5642,4.15,100.0,2,2
59150308,,,,,0,0
59150309,,,,,0,0
59150310,,,,,0,0
59150311,694.5996,0.6797,4.3,100.0,1,1
59150312,672.0721,0.6797,4.3,100.0,1,1
59150313,432.7019,0.6958,4.3,100.0,2,2
59150328,854.3307,0.6958,4.3,100.0,2,2
59150329,802.2774,0.763,4.4333,100.0,3,3
59150330,564.3382,0.7271,4.5,100.0,1,1
59150331,357.8089,0.7271,4.5,100.0,1,1
59150332,,,,,0,0
59150333,,,,,0,0
59150334,942.8008,0.7442,4.4,100.0,1,1
59150335,557.7596,0.7442,4.4,100.0,1,1
59150336,783.6066,0.7442,4.4,100.0,1,1
59150337,1579.6767,0.6952,4.35,100.0,2,2
59150338,1206.6806,0.6228,4.35,100.0,2,2
59150339,170.068,0.5015,4.3,100.0,1,1
59150340,187.2659,0.5015,4.3,100.0,1,1
59150341,400.8715,0.5769,4.25,100.0,2,2
59150342,216.9197,0.5015,4.3,100.0,1,1
59150343,2795.7447,0.6666,4.3,100.0,2,2
59150344,658.3333,0.6698,4.3,100.0,1,1
59150345,2309.8827,0.6743,4.3,100.0,3,3
59150346,3212.7139,0.6666,4.3,100.0,2,2
59150347,2769.8413,0.6783,4.2,100.0,3,3
59150348,2761.8147,0.6811,4.225,100.0,4,4
59150349,2726.1905,0.6849,4.2,100.0,3,3
59150350,2240.7045,0.6849,4.2,100.0,3,3
59150351,2494.5534,0.6849,4.2,100.0,3,3
59150352,109.6257,0.7016,4.0,100.0,1,1
59150353,165.6566,0.7016,4.0,100.0,1,1
59150354,872.381,0.7238,4.15,100.0,2,2
59150355,,,,,0,0
59150356,794.926,0.7459,4.3,100.0,1,1
59150357,149.0751,0.4368,3.9,100.0,1,1
59150358,734.375,0.7459,4.3,100.0,1,1
59150359,668.0498,0.6088,4.1333,100.0,3,3
59150360,224.2226,0.4368,3.9,100.0,1,1
59150361,1342.2131,0.57,4.15,100.0,2,2
59150362,11040.3023,0.7391,4.5,100.0,2,2
59150363,1005.8252,0.7031,4.4,100.0,1,1
59150364,10122.4018,0.7391,4.5,100.0,2,2
59150365,12704.3478,0.7391,4.5,100.0,2,2
59150366,601.626,0.7031,4.4,100.0,1,1
59150367,3270.8955,0.7391,4.5,100.0,2,2
59150368,,,,,0,0
59150369,250.9294,0.7768,4.4,100.0,1,1
59150371,1233.5766,0.7224,4.4,100.0,2,2
59150373,545.9854,0.7487,4.3,100.0,2,2
59150375,,,,,0,0
59150376,520.6972,0.7206,4.2,100.0,1,1
59150377,775.0,0.7549,4.3,100.0,1,1
59150378,,,,,0,0
59150379,649.2147,0.7549,4.3,100.0,1,1
59150380,612.8501,0.7549,4.3,100.0,1,1
59150381,556.8862,0.7549,4.3,100.0,1,1
59150382,,,,,0,0
59150383,701.8868,0.7549,4.3,100.0,1,1
59150384,,,,,0,0
59150385,3234.5679,0.7477,4.5,100.0,1,1
59150386,2560.2606,0.7477,4.5,100.0,1,1
59150387,2911.1111,0.7477,4.5,100.0,1,1
59150388,1926.4706,0.7477,4.5,100.0,1,1
59150389,2168.2759,0.7477,4.5,100.0,1,1
59150390,2594.0594,0.7477,4.5,100.0,1,1
59150391,2988.5932,0.7477,4.5,100.0,1,1
59150392,914.3469,0.6804,4.3,100.0,1,1
59150393,927.673,0.6345,4.2,100.0,2,2
59150394,960.9121,0.6345,4.2,100.0,2,2
59150395,836.8794,0.6345,4.2,100.0,2,2
59150396,255.0861,0.5886,4.1,100.0,1,1
59150397,396.5937,0.5886,4.1,100.0,1,1
59150398,347.548,0.5886,4.1,100.0,1,1
59150399,2932.8358,0.7477,4.5,100.0,1,1
59150400,2049.5437,0.7477,4.5,100.0,1,1
59150401,1295.7746,0.7037,4.25,100.0,2,2
59150402,706.2842,0.7419,4.3,100.0,1,1
59150403,1281.7337,0.7037,4.25,100.0,2,2
59150404,1642.8571,0.7037,4.25,100.0,2,2
59150405,601.5474,0.6655,4.2,100.0,1,1
59150406,736.4672,0.7419,4.3,100.0,1,1
59150407,646.25,0.7419,4.3,100.0,1,1
59150408,376.0563,0.7535,4.45,100.0,2,2
59150409,281.25,0.7768,4.4,100.0,1,1
59150410,182.6793,0.7768,4.4,100.0,1,1
59150412,306.8182,0.7768,4.4,100.0,1,1
59150414,1524.8714,0.7484,4.3,100.0,2,2
59150415,807.9306,0.7594,4.35,100.0,2,2
59150416,1489.1122,0.7484,4.3,100.0,2,2
59150417,959.1837,0.7419,4.3,100.0,1,1
59150419,823.0088,0.7549,4.3,100.0,1,1
59150420,249.0566,0.7302,4.5,100.0,1,1
59150421,209.5238,0.7302,4.5,100.0,1,1
59150422,4460.9375,0.7526,4.55,100.0,2,2
59150423,256.8093,0.7302,4.5,100.0,1,1
59150424,4526.6138,0.7526,4.55,100.0,2,2
59150425,9335.7488,0.7751,4.6,100.0,1,1
59150426,6398.5401,0.7391,4.5,100.0,2,2
59150427,641.953,0.7327,4.4,100.0,1,1
59150428,591.6667,0.7327,4.4,100.0,1,1
59150429,618.4669,0.7327,4.4,100.0,1,1
59150430,,,,,0,0
59150431,281.6456,0.6271,4.2,100.0,1,1
59150432,886.9464,0.6062,4.25,100.0,2,2
59150433,1693.133,0.5702,4.2,100.0,2,2
59150434,1597.166,0.5702,4.2,100.0,2,2
59150435,367.8571,0.555,4.1,100.0,1,1
59150436,1584.1924,0.6074,4.2333,100.0,3,3
59150437,490.099,0.6818,4.3,100.0,1,1
59150438,693.1155,0.6818,4.3,100.0,1,1
59150439,1492.7536,0.5943,4.2,100.0,2,2
59150440,870.9677,0.6818,4.3,100.0,1,1
59150442,1079.3413,0.5943,4.2,100.0,2,2
59150443,912.6582,0.5943,4.2,100.0,2,2
59150444,1773.4057,0.5954,4.25,100.0,2,2
59150445,1864.139,0.684,4.4,50.0,2,1
59150446,2169.1176,0.684,4.4,50.0,2,1
59150447,1428.5714,0.684,4.4,100.0,1,1
59150448,,,,,0,0
59150449,,,,,0,0
59150450,,,,,0,0
59150451,768.4631,0.7009,4.4,50.0,2,1
59150452,916.6667,0.7009,4.4,50.0,2,1
59150453,656.9966,0.7009,4.4,50.0,2,1
59150454,576.523,0.7009,4.4,33.3,3,1
59150455,538.5528,0.6804,4.3,33.3,3,1
59150457,,,,,0,0
59150459,,,,,0,0
59150460,,,,,0,0
59150461,965.9091,0.5935,4.2,50.0,2,1
59150462,843.6725,0.5935,4.2,50.0,2,1
59150463,521.3816,0.5935,4.2,100.0,1,1
59150465,,,,,0,0
59150466,845.5446,0.6804,4.3,100.0,1,1
59150468,747.8109,0.6804,4.3,100.0,1,1
59150469,712.8548,0.6804,4.3,100.0,1,1
59150470,796.6418,0.6804,4.3,100.0,1,1
59150471,,,,,0,0
59150472,,,,,0,0
59150473,2311.7647,0.7477,4.5,100.0,1,1
59150474,,,,,0,0
59150475,2062.9921,0.7477,4.5,100.0,1,1
59150476,1692.1421,0.7477,4.5,100.0,1,1
59150477,503.1847,0.7444,4.4,100.0,1,1
59150478,398.9899,0.7444,4.4,100.0,1,1
59150479,681.0345,0.7444,4.4,100.0,1,1
59150480,571.4286,0.7444,4.4,100.0,1,1
59150481,728.1106,0.7444,4.4,100.0,1,1
59150482,,,,,0,0
59150483,,,,,0,0
59150484,,,,,0,0
59150485,,,,,0,0
59150486,1228.5192,0.7072,4.3,100.0,1,1
59150487,829.6296,0.7072,4.3,100.0,1,1
59150488,413.6961,0.6792,4.3,100.0,2,2
59150489,837.6068,0.6792,4.3,100.0,2,2
59150490,365.2174,0.6511,4.3,100.0,1,1
59150491,442.1053,0.6511,4.3,100.0,1,1
59150492,348.2587,0.6511,4.3,100.0,1,1
59150493,244.1315,0.4552,4.0,100.0,1,1
59150494,266.6667,0.4552,4.0,100.0,1,1
59150495,740.3846,0.6253,4.175,100.0,4,4
59150496,381.5331,0.6312,4.15,100.0,2,2
59150497,361.9835,0.6312,4.15,100.0,2,2
59150498,357.8431,0.6312,4.15,100.0,2,2
59150499,447.4576,0.7342,4.2,100.0,2,2
59150500,508.2873,0.6412,4.1333,100.0,3,3
59150503,385.1351,0.6828,4.2,100.0,2,2
59150504,1056.4815,0.7237,4.3667,100.0,3,3
59150505,312.6888,0.675,4.3,100.0,2,2
59150506,601.7442,0.675,4.3,100.0,2,2
59150507,164.751,0.6943,4.3,100.0,1,1
59150508,419.0283,0.675,4.3,100.0,2,2
59150509,336.933,0.6339,4.3,100.0,2,2
59150510,,,,,0,0
59150511,,,,,0,0
59150512,,,,,0,0
59150513,,,,,0,0
59150514,,,,,0,0
59150515,,,,,0,0
59150516,,,,,0,0
59150517,187.8049,0.6166,4.1,100.0,1,1
59150518,864.486,0.6435,4.3,100.0,1,1
59150519,524.0328,0.63,4.2,100.0,2,2
59150520,357.1429,0.6435,4.3,100.0,1,1
59150521,835.1648,0.63,4.3,66.7,3,2
59150522,251.1628,0.6166,4.3,50.0,2,1
59150523,367.4352,0.5894,4.2,100.0,2,2
59150524,,,,,0,0
59150526,553.4151,0.7444,4.4,100.0,1,1
59150527,440.1114,0.7444,4.4,100.0,1,1
59150529,174.3772,0.5621,4.1,100.0,1,1
59150530,180.1471,0.5621,4.1,100.0,1,1
59150531,2132.8225,0.6549,4.3,100.0,2,2
59150534,29577.7351,0.8553,4.7,100.0,1,1
59150535,219.9688,0.7042,4.1,100.0,2,2
59150536,29889.7485,0.8507,4.4,100.0,2,2
59150537,76.7857,0.8462,4.1,100.0,1,1
59150538,23471.1965,0.8098,4.6,100.0,2,2
59150539,31838.843,0.8553,4.7,100.0,1,1
59150540,24709.5238,0.736,4.5,100.0,2,2
59150541,199.4917,0.6166,4.3,100.0,1,1
59150542,29185.6061,0.8553,4.7,100.0,1,1
59150543,10229.5082,0.726,4.45,100.0,2,2
59150544,470.1398,0.6435,4.3,100.0,1,1
59150545,31131.0419,0.7636,4.5333,100.0,3,3
59150546,,,,,0,0
59150547,700.7576,0.6435,4.3,100.0,1,1
59150548,1051.1364,0.6435,4.3,100.0,1,1
59150549,380.744,0.6342,4.2,100.0,1,1
59150550,271.4509,0.6342,4.2,100.0,1,1
59150551,365.5462,0.6342,4.2,100.0,1,1
59150552,,,,,0,0
59150553,,,,,0,0
59150554,,,,,0,0
59150555,108.1967,0.6083,4.4,100.0,1,1
59150556,122.5434,0.6241,4.35,100.0,2,2
59150557,,,,,0,0
59150558,73.5294,0.6399,4.3,100.0,1,1
59150559,815.0573,0.7166,4.4,100.0,2,2
59150560,375.4448,0.5269,4.2,100.0,3,3
59150561,935.4839,0.5164,4.25,100.0,2,2
59150562,250.0,0.7014,4.3,100.0,1,1
59150563,266.2632,0.6706,4.3,100.0,2,2
59150564,272.0247,0.6706,4.3,100.0,2,2
59150565,266.1448,0.7014,4.3,100.0,1,1
59150566,,,,,0,0
59150567,44.4874,0.428,4.4,100.0,1,1
59150568,138.4137,0.5182,4.4,100.0,2,2
59150569,122.6852,0.6241,4.35,100.0,2,2
59150570,495.9016,0.6499,4.3333,100.0,3,3
59150571,809.8592,0.6849,4.45,100.0,2,2
59150572,1629.0801,0.6003,4.4333,100.0,3,3
59150573,318.3206,0.5948,4.45,100.0,2,2
59150575,992.8952,0.6427,4.3667,100.0,3,3
59150577,40.6905,0.5552,4.2,100.0,1,1
59150578,589.2857,0.6124,4.3,100.0,2,2
59150579,733.3333,0.6124,4.3,100.0,2,2
59150580,521.7391,0.6697,4.4,100.0,1,1
59150581,676.9231,0.6697,4.4,100.0,1,1
59150582,,,,,0,0
59150583,249.5784,0.7482,4.5,50.0,2,1
59150584,1665.5629,0.737,4.5,66.7,3,2
59150585,1849.2647,0.737,4.5,66.7,3,2
59150586,1815.8845,0.737,4.5,66.7,3,2
59150587,1505.2632,0.7258,4.5,100.0,1,1
59150588,1956.9707,0.7306,4.45,100.0,2,2
59150589,565.9229,0.7354,4.4,100.0,1,1
59150590,505.4348,0.7354,4.4,100.0,1,1
59150591,434.5794,0.7354,4.4,100.0,1,1
59150592,441.4557,0.7354,4.4,100.0,1,1
59150593,,,,,0,0
59150594,643.1925,0.6973,4.4,100.0,1,1
59150595,266.369,0.7381,4.3,100.0,1,1
59150596,560.3272,0.6973,4.4,100.0,1,1
59150597,637.1308,0.7177,4.35,100.0,2,2
59150598,491.921,0.6973,4.4,100.0,1,1
59150599,458.9615,0.6973,4.4,100.0,1,1
59150600,13336.8421,0.7732,4.5333,100.0,3,3
59150601,1033.8542,0.7712,4.5,100.0,3,3
59150602,1859.4848,0.7712,4.5,100.0,3,3
59150603,2409.4293,0.7805,4.525,100.0,4,4
59150604,950.0805,0.7692,4.5333,100.0,3,3
59150605,563.786,0.6973,4.4,100.0,1,1
59150606,630.5278,0.6996,4.45,100.0,2,2
59150607,1406.6986,0.7723,4.56,100.0,5,5
59150608,1358.6572,0.7718,4.6,100.0,4,4
59150609,315.7895,0.7019,4.5,100.0,1,1
59150610,247.7876,0.7019,4.5,100.0,1,1
59150611,1245.283,0.7258,4.5,100.0,1,1
59150612,,,,,0,0
59150613,1148.5944,0.7258,4.5,100.0,1,1
59150614,,,,,0,0
59150615,1897.7956,0.688,4.3,100.0,2,2
59150616,151.3605,0.6502,4.1,100.0,1,1
59150617,2012.8676,0.7081,4.3667,75.0,4,3
59150618,364.6154,0.6992,4.3,66.7,3,2
59150619,1579.2779,0.737,4.5,66.7,3,2
59150620,159.2129,0.6502,4.1,100.0,1,1
59150621,192.2246,0.6502,4.1,100.0,1,1
59150622,22424.3697,0.7212,4.4,100.0,2,2
59150623,180.1619,0.6502,4.1,100.0,1,1
59150624,17879.1946,0.6693,4.4,100.0,2,2
59150625,17526.3158,0.6693,4.4,100.0,2,2
59150626,17613.2231,0.6693,4.4,100.0,2,2
59150627,24137.4046,0.7184,4.4667,100.0,3,3
59150628,240.2597,0.6711,4.2667,100.0,3,3
59150629,264.4628,0.5983,4.1,100.0,2,2
59150633,529.4118,0.749,4.35,100.0,2,2
59150634,514.8148,0.6444,4.3,100.0,1,1
59150635,476.8439,0.6444,4.3,100.0,1,1
59150636,410.6352,0.6444,4.3,100.0,1,1
59150637,480.9689,0.6444,4.3,100.0,1,1
59150638,804.5455,0.6601,4.35,100.0,2,2
59150639,537.7176,0.6444,4.3,100.0,1,1
59150640,637.6147,0.6444,4.3,100.0,1,1
59150641,,,,,0,0
59150642,,,,,0,0
59150643,,,,,0,0
59150644,,,,,0,0
59150645,557.2687,0.6758,4.4,100.0,1,1
59150646,,,,,0,0
59150647,,,,,0,0
59150648,,,,,0,0
59150649,143.2881,0.6063,3.7,50.0,2,1
59150650,429.1939,0.6425,4.1,100.0,1,1
59150651,467.9335,0.6425,4.1,100.0,1,1
59150652,282.235,0.6425,4.1,100.0,1,1
59150653,977.1784,0.7472,4.4,100.0,2,2
59150654,795.6081,0.7472,4.4,100.0,2,2
59150655,959.2668,0.7472,4.4,100.0,2,2
59150656,,,,,0,0
59150657,495.1076,0.6758,4.4,100.0,1,1
59150658,597.8756,0.712,4.4,100.0,2,2
59150659,310.1777,0.6215,4.15,100.0,2,2
59150660,147.541,0.6707,4.2,100.0,1,1
59150661,27515.3374,0.7548,4.45,100.0,2,2
59150662,,,,,0,0
59150663,32264.637,0.8001,4.6,100.0,2,2
59150664,832.6772,0.7018,4.55,100.0,2,2
59150665,864.0351,0.7615,4.5,100.0,1,1
59150666,31496.4871,0.7235,4.55,100.0,2,2
59150667,31094.0367,0.7365,4.45,100.0,2,2
59150668,26458.0897,0.7177,4.45,100.0,2,2
59150669,40432.3529,0.6899,4.3667,100.0,3,3
59150670,26240.3846,0.702,4.3667,100.0,3,3
59150671,26705.5449,0.7148,4.425,100.0,4,4
59150672,17981.3302,0.8553,4.7,100.0,1,1
59150673,16706.1311,0.7598,4.5,100.0,3,3
59150674,1076.5027,0.6888,4.3,100.0,3,3
59150675,768.3524,0.7472,4.4,100.0,2,2
59150676,,,,,0,0
59150677,,,,,0,0
59150678,128.5956,0.7864,4.3,100.0,1,1
59150679,1825.7757,0.7787,4.4,100.0,2,2
59150680,1074.4382,0.7787,4.4,100.0,2,2
59150681,1574.0741,0.7787,4.4,100.0,2,2
59150682,957.6159,0.483,4.0,66.7,3,2
59150683,0.0,,,0.0,1,0
59150684,1603.2389,0.6076,4.175,80.0,5,4
59150685,449.3445,0.4816,3.95,66.7,3,2
59150686,939.726,0.7683,4.4,100.0,1,1
59150687,,,,,0,0
59150688,,,,,0,0
59150689,2177.7778,0.7297,4.5,100.0,1,1
59150690,28837.6068,0.7831,4.5667,100.0,3,3
59150691,2931.7269,0.747,4.5,100.0,2,2
59150692,814.9406,0.7643,4.5,100.0,1,1
59150693,1111.1111,0.7643,4.5,100.0,1,1
59150694,,,,,0,0
59150695,76.7857,0.8462,4.1,100.0,1,1
59150696,,,,,0,0
59150697,,,,,0,0
59150698,613.5957,0.7683,4.4,100.0,1,1
59150699,731.3433,0.7683,4.4,100.0,1,1
59150700,716.0752,0.7683,4.4,50.0,2,1
59150701,654.5139,0.4816,3.95,66.7,3,2
59150702,1106.4302,0.5532,4.0667,75.0,4,3
59150703,772.5225,0.7683,4.4,100.0,1,1
59150704,2037.7358,0.6076,4.175,80.0,5,4
59150705,1354.1667,0.5541,4.1,75.0,4,3
59150706,422.1453,0.6964,4.3,100.0,1,1
59150707,338.8889,0.6964,4.3,100.0,1,1
59150708,581.8182,0.7254,4.35,100.0,2,2
59150709,361.4164,0.6418,4.3,100.0,2,2
59150710,1973.2283,0.6634,4.2,100.0,3,3
59150711,695.0998,0.5873,4.3,100.0,1,1
59150712,1560.5787,0.6179,4.1,100.0,2,2
59150713,1592.5156,0.5873,4.3,100.0,1,1
59150714,395.9184,0.6485,3.9,100.0,1,1
59150715,3414.6341,0.6531,4.2,100.0,3,3
59150716,2064.5933,0.6179,4.1,100.0,2,2
59150717,2205.1282,0.686,4.15,100.0,2,2
59150718,1463.138,0.686,4.15,100.0,2,2
59150719,1731.5436,0.686,4.15,100.0,2,2
59150720,1420.1835,0.686,4.15,100.0,2,2
59150721,1670.1461,0.6444,4.3,100.0,2,2
59150722,1853.3058,0.6458,4.1667,100.0,3,3
59150723,2020.2703,0.6458,4.1667,100.0,3,3
59150724,1693.6543,0.686,4.15,100.0,2,2
59150725,773.8095,0.7545,4.4,100.0,1,1
59150726,940.1544,0.7015,4.15,100.0,2,2
59150727,817.6101,0.7545,4.4,100.0,1,1
59150728,1019.9203,0.7254,4.35,100.0,2,2
59150729,556.3481,0.7545,4.4,100.0,1,1
59150730,688.755,0.7683,4.4,100.0,1,1
59150731,381.1802,0.7206,4.2,100.0,1,1
59150732,469.5481,0.7206,4.2,100.0,1,1
59150733,431.4079,0.7206,4.2,100.0,1,1
59150734,,,,,0,0
59150737,329.1667,0.7418,4.4,100.0,1,1
59150738,1379.5918,0.7224,4.4,100.0,2,2
59150739,1698.4925,0.7224,4.4,100.0,2,2
59150740,1357.1429,0.6976,4.3,100.0,3,3
59150741,1403.1936,0.6976,4.3,100.0,3,3
59150742,1505.3763,0.6324,4.2,100.0,4,4
59150743,296.4744,0.6948,4.25,100.0,2,2
59150744,2023.4742,0.7044,4.3,100.0,3,3
59150745,452.496,0.6536,4.3,100.0,2,2
59150746,833.3333,0.7545,4.4,100.0,1,1
59150747,2387.8116,0.7044,4.3,100.0,3,3
59150748,1870.7865,0.6375,4.2,100.0,4,4
59150749,578.6802,0.5679,4.0333,100.0,3,3
59150750,807.6241,0.6111,4.0,100.0,3,3
59150751,8775.4237,0.6339,4.1429,100.0,7,7
59150752,6253.9185,0.6456,4.175,100.0,4,4
59150753,7643.6782,0.6456,4.175,100.0,4,4
59150754,2967.8068,0.668,4.1667,100.0,3,3
59150755,,,,,0,0
59150756,2641.8605,0.588,4.0,100.0,2,2
59150757,1245.7306,0.585,4.0667,100.0,3,3
59150758,2519.1919,0.1849,3.3,100.0,1,1
59150759,1565.6109,0.4417,3.85,100.0,2,2
59150760,2095.7983,0.1849,3.3,100.0,1,1
59150761,1812.6615,0.2398,3.4,100.0,2,2
59150762,3225.2874,0.2398,3.4,100.0,2,2
59150763,4772.1088,0.2398,3.4,100.0,2,2
59150777,528.9187,0.5899,4.3,100.0,2,2
59150779,1651.0516,0.5552,4.15,100.0,2,2
59150782,,,,,0,0
59150784,2366.0856,0.7136,4.3,100.0,1,1
59150785,3411.0236,0.7567,4.4,100.0,4,4
59150786,5518.4549,0.7791,4.5,100.0,3,3
59150787,12832.3353,0.7791,4.5,100.0,3,3
59150788,7158.5535,0.7676,4.45,100.0,2,2
59150790,8825.7261,0.769,4.468,100.0,3,3
59150791,15332.7869,0.7525,4.402,100.0,2,2
59150792,9702.2822,0.7525,4.402,100.0,2,2
59150793,10157.5492,0.8155,4.704,100.0,1,1
59150795,976.5533,0.6504,4.3,100.0,1,1
59150816,2652.6611,0.7094,4.4,100.0,2,2
59150817,44279.4457,0.7958,4.7,100.0,1,1
59150819,40880.597,0.7958,4.7,100.0,1,1
59150820,36233.0827,0.7692,4.55,100.0,2,2
59150821,60546.8085,0.8056,4.702,100.0,2,2
59150822,46992.6471,0.7958,4.7,100.0,1,1
59150823,1888.8889,0.6504,4.3,100.0,1,1
59150824,63378.6192,0.8056,4.702,100.0,2,2
59150827,55471.7349,0.8056,4.702,100.0,2,2
59150828,29073.9065,0.7692,4.55,100.0,2,2
59150831,30743.2217,0.7692,4.55,100.0,2,2
59150832,26846.2604,0.7833,4.5667,100.0,3,3
59150837,270.1422,0.7685,4.5,100.0,1,1
59150840,272.0764,0.7685,4.5,100.0,1,1
59150841,265.1163,0.7685,4.5,100.0,1,1
59150845,175.1152,0.7685,4.5,100.0,1,1
59150846,142.6783,0.7685,4.5,100.0,1,1
59150850,1127.1896,0.7309,4.45,100.0,4,4
59150859,162106.6351,0.8196,4.7,100.0,3,3
59150861,108063.0915,0.8003,4.625,100.0,4,4
59150863,117920.8262,0.8003,4.625,100.0,4,4
59150864,132833.0097,0.8196,4.7,100.0,3,3
59150865,30380.8777,0.7833,4.5667,100.0,3,3
59150866,194.5455,0.8115,4.6,100.0,1,1
59150871,24450.0907,0.745,4.5,100.0,4,4
59150872,32000.0,0.745,4.5,100.0,4,4
59150873,25370.9981,0.745,4.5,100.0,4,4
59150874,17411.7647,0.6693,4.4,100.0,2,2
59150875,20316.6987,0.7922,4.7,100.0,1,1
59150876,18440.7666,0.7922,4.7,100.0,1,1
59150877,31132.3529,0.7922,4.7,100.0,1,1
59150878,19674.7212,0.7922,4.7,100.0,1,1
59150879,,,,,0,0
59150880,,,,,0,0
59150881,18485.3896,0.776,4.62,100.0,5,5
59150882,16425.3521,0.7737,4.6167,100.0,6,6
59150883,25004.0816,0.7722,4.5889,100.0,9,9
59150884,25850.2304,0.7946,4.65,100.0,4,4
59150885,20566.0377,0.8085,4.6333,100.0,3,3
59150886,11590.8222,0.8309,4.65,100.0,2,2
59150887,729.0076,0.8538,4.6,100.0,1,1
59150888,,,,,0,0
59150889,3763.9752,0.8204,4.7,100.0,1,1
59150890,2965.7423,0.8204,4.7,100.0,1,1
59150891,3456.2738,0.8204,4.7,100.0,1,1
59150892,437.6528,0.7381,4.3,100.0,1,1
59150893,3252.2361,0.8204,4.7,100.0,1,1
59150894,300.4847,0.7381,4.3,50.0,2,1
59150895,3449.7154,0.8204,4.7,100.0,1,1
59150896,,,,,0,0
59150897,69.8835,0.6555,4.1,50.0,2,1
59150898,67.1785,0.6555,4.1,100.0,1,1
59150899,779.845,0.7742,4.45,100.0,2,2
59150900,601.8735,0.7103,4.4,100.0,1,1
59150901,566.0793,0.7103,4.4,100.0,1,1
59150902,901.2346,0.7418,4.45,100.0,2,2
59150903,535.865,0.7733,4.5,100.0,1,1
59150904,1073.5294,0.7418,4.45,100.0,2,2
59150905,481.0606,0.7733,4.5,100.0,1,1
59150906,,,,,0,0
59150907,,,,,0,0
59150908,28.3019,,,0.0,1,0
59150909,345.9245,0.5332,4.2,100.0,1,1
59150910,4202.5316,0.6768,4.45,100.0,2,2
59150911,3569.8925,0.6768,4.45,100.0,2,2
59150912,4124.2236,0.6768,4.45,100.0,2,2
59150913,4352.7132,0.709,4.4667,100.0,3,3
59150914,4504.3478,0.7969,4.6,100.0,2,2
59150915,3607.1429,0.8204,4.7,100.0,1,1
59150916,5078.7746,0.7896,4.5333,100.0,3,3
59150917,4542.0744,0.7896,4.5333,100.0,3,3
59150918,4729.9771,0.7978,4.55,100.0,2,2
59150919,4333.3333,0.7978,4.55,100.0,2,2
59150920,4253.0864,0.7978,4.55,100.0,2,2
59150922,4103.8375,0.8204,4.7,100.0,1,1
59150923,3050.3356,0.8204,4.7,100.0,1,1
59150924,3293.4783,0.8204,4.7,100.0,1,1
59150925,3900.7092,0.8371,4.65,100.0,2,2
59150926,529.8197,0.8538,4.6,100.0,1,1
59150927,3642.3841,0.8371,4.65,100.0,2,2
59150928,3843.5518,0.8204,4.7,100.0,1,1
59150929,959.799,0.8538,4.6,100.0,1,1
59150930,942.3963,0.8719,4.55,100.0,2,2
59150931,17618.1818,0.8216,4.6667,100.0,3,3
59150932,20555.2826,0.8337,4.6333,100.0,3,3
59150933,6132.4201,0.8466,4.6,100.0,2,2
59150934,13342.5287,0.8381,4.6333,100.0,3,3
59150935,68.5279,0.89,4.5,100.0,1,1
59150953,224.8201,0.7113,4.4,50.0,2,1
59150954,115.2074,0.2394,4.0,50.0,2,1
59150955,275.0455,0.7014,4.3,50.0,2,1
59150956,24.7934,,,0.0,1,0
59150957,,,,,0,0
59150958,,,,,0,0
59150959,,,,,0,0
59150960,546.8085,0.7103,4.4,100.0,1,1
59150961,521.2982,0.7103,4.4,100.0,1,1
59150962,563.3188,0.7103,4.4,50.0,2,1
59150963,508.9109,0.7103,4.4,100.0,1,1
59150964,467.2566,0.6697,4.4,100.0,1,1
59150965,685.7798,0.6626,4.25,100.0,2,2
59150966,981.9168,0.7026,4.4,100.0,2,2
59150967,480.2065,0.7354,4.4,100.0,1,1
59150968,494.6809,0.7354,4.4,100.0,1,1
59150969,541.3793,0.6954,4.25,100.0,2,2
59150970,69.0335,0.6555,4.1,100.0,1,1
59150971,511.9522,0.7103,4.4,100.0,1,1
59150972,10.2339,,,0.0,1,0
59150973,287.9257,0.7381,4.3,50.0,2,1
59150974,342.5414,0.7381,4.3,50.0,2,1
59150975,266.766,0.7381,4.3,100.0,1,1
59150976,284.5787,0.7381,4.3,100.0,1,1
59150977,222.6368,0.7381,4.3,100.0,1,1
59150978,607.0588,0.7103,4.4,50.0,2,1
59150979,54.1761,0.428,4.4,50.0,2,1
59150980,2.0,,,0.0,1,0
59150981,51.9187,0.428,4.4,100.0,1,1
59150982,214.511,0.7014,4.3,100.0,1,1
59150983,55.5556,0.612,4.3,100.0,1,1
59150984,948.2402,0.7934,4.5,100.0,1,1
59150985,737.5201,0.7934,4.5,100.0,1,1
59150986,,,,,0,0
59150987,1217.7161,0.7237,4.3667,100.0,3,3
59151198,220.3065,0.663,4.1,100.0,1,1
59151199,259.5937,0.663,4.1,100.0,1,1
59151200,261.3636,0.663,4.1,50.0,2,1
59151201,320.9302,0.663,4.1,50.0,2,1
59151202,56.3725,,,0.0,1,0
59151203,594.4056,0.5935,4.2,50.0,2,1
59151204,36.5079,,,0.0,1,0
59151205,,,,,0,0
59151206,572.3906,0.5935,4.2,50.0,2,1
59151207,206.8345,0.663,4.1,100.0,1,1
59151208,,,,,0,0
59151209,,,,,0,0
59151211,753.6232,0.7009,4.4,50.0,2,1
59151213,,,,,0,0
59151214,635.8974,0.7856,4.4,100.0,1,1
59151215,682.5688,0.7856,4.4,100.0,1,1
59151216,557.7211,0.7856,4.4,100.0,1,1
59151217,930.0,0.7856,4.4,100.0,1,1
59151219,11.6009,,,0.0,1,0
59151220,,,,,0,0
59151221,,,,,0,0
59151222,,,,,0,0
59151223,1676.1364,0.684,4.4,100.0,1,1
59151224,1472.7488,0.7037,4.35,100.0,2,2
59151225,2213.8837,0.684,4.4,100.0,1,1
59151226,826.3386,0.7276,4.3333,100.0,3,3
59151227,,,,,0,0
59151228,220.8,0.7553,4.35,100.0,2,2
59151229,7432.9055,0.7842,4.5,100.0,2,2
59151230,16545.4545,0.7842,4.5,100.0,2,2
59151231,219.2982,0.7872,4.4,100.0,1,1
59151234,,,,,0,0
59151236,,,,,0,0
59151351,,,,,0,0
59151352,225.3886,0.799,4.6,50.0,2,1
59151353,1487.8587,0.7272,4.4,75.0,4,3
59151354,1180.1242,0.7188,4.3667,75.0,4,3
59151355,175.0742,0.613,4.15,66.7,3,2
59151356,39.1015,0.7102,4.2,100.0,1,1
59151357,182.3802,0.613,4.15,100.0,2,2
59151358,232.1792,0.648,4.4,100.0,1,1
59151359,,,,,0,0
59151360,318.9964,0.6271,4.2,100.0,1,1
59151361,348.3366,0.6271,4.2,100.0,1,1
59151362,,,,,0,0
59151363,1702.0281,0.6942,4.25,100.0,2,2
59151364,1581.1594,0.6942,4.25,100.0,2,2
59151365,1749.0421,0.7613,4.3,100.0,1,1
59151366,2147.6378,0.6942,4.25,100.0,2,2
59151367,2119.1275,0.7586,4.3,100.0,2,2
59151368,2239.3617,0.7586,4.3,100.0,2,2
59151369,505.0505,0.7559,4.3,100.0,1,1
59151370,,,,,0,0
59151371,502.8736,0.7559,4.3,100.0,1,1
59151372,766.8488,0.6358,4.2,100.0,2,2
59151373,618.2519,0.7044,4.25,100.0,2,2
59151407,1370.3041,0.7245,4.3667,100.0,3,3
59151408,927.1071,0.8499,4.5,100.0,1,1
59151409,740.0,0.8499,4.5,100.0,1,1
59151410,709.0592,0.8499,4.5,100.0,1,1
59151411,545.5764,0.8499,4.5,100.0,1,1
59151412,692.1769,0.8499,4.5,100.0,1,1
59151413,127.8736,0.5654,4.2,100.0,1,1
59151414,515.5925,0.7076,4.35,100.0,2,2
59151415,876.3524,0.6548,4.3,100.0,2,2
59151416,1103.1128,0.6548,4.3,100.0,2,2
59151417,183.1276,0.5654,4.2,100.0,1,1
59151418,169.2015,0.5654,4.2,100.0,1,1
59151419,163.9042,0.5654,4.2,100.0,1,1
59151420,967.5768,0.6548,4.3,100.0,2,2
59151423,,,,,0,0
59151424,6495.7983,0.7751,4.6,100.0,1,1
59151425,7164.6859,0.7539,4.5,100.0,2,2
59151426,6840.708,0.7751,4.6,100.0,1,1
59151427,6606.8376,0.7751,4.6,100.0,1,1
59151428,780.083,0.7459,4.3,100.0,1,1
59151429,989.7959,0.6961,4.3,100.0,2,2
59151430,475.7506,0.6462,4.3,100.0,1,1
59151432,1189.5652,0.6952,4.35,100.0,2,2
59151433,2237.1365,0.6867,4.3333,100.0,3,3
59151434,2262.4434,0.6867,4.3333,100.0,3,3
59151435,1767.7165,0.6873,4.3,100.0,3,3
59151436,1947.9393,0.6873,4.3,100.0,3,3
59151437,1503.876,0.6961,4.3,100.0,2,2
59151438,1609.3023,0.7078,4.3,100.0,2,2
59151439,1042.2535,0.649,4.3,100.0,2,2
59151440,853.3654,0.7327,4.4,100.0,1,1
59151441,2525.8964,0.747,4.35,100.0,2,2
59151442,1706.5421,0.7613,4.3,100.0,1,1
59151443,701.4028,0.7559,4.3,100.0,1,1
59151444,379.1983,0.7559,4.3,100.0,1,1
59151448,1643.0723,0.6942,4.25,100.0,2,2
59151449,2066.2879,0.6942,4.25,100.0,2,2
59151450,1134.1282,0.6062,4.25,100.0,2,2
59151451,1102.8986,0.6062,4.25,100.0,2,2
59151452,1354.0925,0.6062,4.25,100.0,2,2
59151453,1330.4196,0.6062,4.25,100.0,2,2
59151454,196.5517,0.648,4.4,100.0,1,1
59151455,127.6596,0.648,4.4,100.0,1,1
59151456,1001.3158,0.6062,4.25,100.0,2,2
59151457,1224.7423,0.6818,4.3,100.0,1,1
59151458,190.3172,0.648,4.4,100.0,1,1
59151459,217.5573,0.648,4.4,100.0,1,1
59151460,262.6728,0.648,4.4,100.0,1,1
59151461,192.8934,0.648,4.4,100.0,1,1
59151463,2113.8211,0.7074,4.4,100.0,4,4
59151464,1056.5657,0.7231,4.45,100.0,2,2
59151465,1257.4627,0.7272,4.4,75.0,4,3
59151467,1311.284,0.7272,4.4,75.0,4,3
59151469,8706.7773,0.7811,4.6,100.0,1,1
59151470,,,,,0,0
59151471,,,,,0,0
59151472,,,,,0,0
59151473,1737.8498,0.684,4.4,100.0,1,1
59151474,1873.0159,0.684,4.4,100.0,1,1
59151475,1579.6519,0.684,4.4,100.0,1,1
59151476,,,,,0,0
59151477,7353.972,0.7811,4.6,100.0,1,1
59151478,1737.8498,0.684,4.4,100.0,1,1
59151479,1909.3851,0.684,4.4,100.0,1,1
59151483,,,,,0,0
59151484,278.0488,0.648,4.4,100.0,1,1
59151485,1251.634,0.7245,4.3667,100.0,3,3
59151486,1042.1769,0.7245,4.3667,100.0,3,3
59152941,371.8437,0.6745,4.4,50.0,6,3
59152942,543.5967,0.6344,4.4,33.3,6,2
59152943,1984.0256,0.7061,4.3333,75.0,4,3
59152944,7.7399,,,0.0,1,0
59152945,48.202,0.7234,4.3,100.0,1,1
59152946,685.4742,0.7276,4.3333,100.0,3,3
59153075,167.8487,0.5158,4.1,50.0,2,1
59153076,299.5781,0.5158,4.1,100.0,1,1
59153077,268.1818,0.613,4.15,100.0,2,2
59153078,102.1583,0.5158,4.1,100.0,1,1
59153079,229.572,0.613,4.15,100.0,2,2
59153080,131.7254,0.5158,4.1,100.0,1,1
59153081,,,,,0,0
59153082,1014.0449,0.7009,4.4,100.0,1,1
59153083,1071.2166,0.7009,4.4,100.0,1,1
59153084,533.752,0.5935,4.2,50.0,2,1
59153085,615.942,0.5935,4.2,50.0,2,1
59153086,515.1515,0.5935,4.2,50.0,2,1
59153087,,,,,0,0
59153088,,,,,0,0
59153089,,,,,0,0
59153090,,,,,0,0
59153091,,,,,0,0
59153092,254.9889,0.663,4.1,100.0,1,1
59153093,174.5068,0.663,4.1,100.0,1,1
59153094,,,,,0,0
59153095,195.5782,0.663,4.1,100.0,1,1
59153096,,,,,0,0
59153097,704.4728,0.6792,4.3,100.0,2,2
59153098,,,,,0,0
59153123,,,,,0,0
59153124,34591.5033,0.7922,4.7,100.0,1,1
59153132,611.7647,0.7973,4.425,100.0,4,4
59153133,156.1562,0.8351,4.5,50.0,2,1
59153134,,,,,0,0
59153135,100.5848,0.8351,4.5,100.0,1,1
59153136,,,,,0,0
59153137,,,,,0,0
59153138,,,,,0,0
59153139,,,,,0,0
59153140,343.2099,0.6444,4.3,100.0,1,1
59153144,1552.7638,0.7096,4.15,66.7,3,2
59153151,1431.962,0.7516,4.4,100.0,2,2
59153152,,,,,0,0
59153153,,,,,0,0
59153154,,,,,0,0
59153155,99.6068,0.7864,4.3,100.0,1,1
59153156,2290.2208,0.7938,4.45,100.0,2,2
59153157,2670.0168,0.7581,4.4333,100.0,3,3
59153158,1141.2358,0.7516,4.4,100.0,2,2
59153159,1388.0368,0.7516,4.4,100.0,2,2
59153160,982.4087,0.7938,4.45,100.0,2,2
59153161,1533.5753,0.5541,4.1,100.0,3,3
59153162,1600.3788,0.5541,4.1,100.0,3,3
59153163,2285.3535,0.7516,4.4,100.0,2,2
59153164,372.206,0.5873,4.3,100.0,1,1
59153165,1535.0701,0.5873,4.3,100.0,1,1
59153166,510.2612,0.7602,4.3667,100.0,3,3
59153167,777.2277,0.7472,4.4,100.0,2,2
59153168,2712.9061,0.6981,4.15,100.0,2,2
59153171,38248.6559,0.8056,4.702,100.0,2,2
59153172,49957.9685,0.7669,4.5013,100.0,3,3
59153181,1276.3562,0.1849,3.3,100.0,1,1
59153182,2906.7599,0.1849,3.3,100.0,1,1
59153183,2834.6213,0.4845,3.85,100.0,2,2
59153184,2781.3885,0.568,3.9333,100.0,3,3
59153185,3220.524,0.668,4.1667,100.0,3,3
59153186,3125.0,0.668,4.1667,100.0,3,3
59153187,1659.1676,0.668,4.1667,100.0,3,3
59153188,6555.5556,0.668,4.1667,100.0,3,3
59153189,2537.5494,0.5927,4.15,100.0,2,2
59153190,805.175,0.6764,4.25,100.0,2,2
59153191,3023.7624,0.6721,4.2667,100.0,3,3
59153192,1084.0164,0.6764,4.25,100.0,2,2
59153193,734.7222,0.6764,4.25,100.0,2,2
59153194,232.687,0.6523,4.2,100.0,1,1
59153195,,,,,0,0
59153196,1060.1202,0.6764,4.25,100.0,2,2
59153197,,,,,0,0
59153198,1250.4744,0.7362,4.4,33.3,3,1
59153199,1454.7461,0.7362,4.4,50.0,2,1
59153200,1110.6129,0.6188,4.35,100.0,2,2
59153201,1336.3309,0.6188,4.35,100.0,2,2
59153202,1432.6087,0.7362,4.4,33.3,3,1
59153203,1301.444,0.7241,4.3,50.0,4,2
59153204,1784.6535,0.7241,4.3,50.0,4,2
59153205,1858.2474,0.7241,4.3,50.0,4,2
59153206,235.5009,0.713,4.35,50.0,4,2
59153207,366.2551,0.6726,4.3,60.0,5,3
59153208,294.599,0.6726,4.3,60.0,5,3
59153209,927.6596,0.7128,4.35,80.0,5,4
59153210,815.534,0.6928,4.35,66.7,6,4
59153211,1106.0606,0.7137,4.375,80.0,5,4
59153212,1174.1176,0.7651,4.4,100.0,3,3
59153213,941.2752,0.7762,4.375,100.0,4,4
59153214,797.8723,0.7381,4.4,66.7,6,4
59153215,3928.2828,0.753,4.4,100.0,4,4
59153216,3740.1774,0.7243,4.35,100.0,4,4
59153217,442.2018,0.731,4.35,100.0,2,2
59153218,1345.1883,0.7362,4.4,100.0,1,1
59153219,1253.4113,0.7362,4.4,100.0,1,1
59153220,1941.3203,0.7058,4.35,100.0,2,2
59153221,1224.0527,0.6188,4.35,100.0,2,2
59153222,1094.2563,0.6188,4.35,100.0,2,2
59153223,380.9524,0.5769,4.25,100.0,2,2
59153224,,,,,0,0
59153225,,,,,0,0
59153226,753.9432,0.7442,4.4,100.0,1,1
59153227,282.6399,0.7237,4.3,100.0,1,1
59153228,,,,,0,0
59153229,,,,,0,0
59153230,3622.9947,0.7176,4.35,100.0,2,2
59153231,2930.8176,0.6618,4.2667,100.0,3,3
59153232,3251.3369,0.6809,4.3,100.0,4,4
59153246,,,,,0,0
59153249,23365.651,0.7831,4.5667,100.0,3,3
59153250,31257.6065,0.8553,4.7,100.0,1,1
59153251,18688.7115,0.7925,4.6,100.0,2,2
59153252,1424.4186,0.7297,4.5,100.0,1,1
59153253,1281.4645,0.6541,4.4333,100.0,3,3
59153254,793.2817,0.6432,4.45,100.0,2,2
59153255,51.8053,0.5552,4.2,100.0,1,1
59153256,755.4745,0.6963,4.4,100.0,2,2
59153257,449.1115,0.6444,4.3,100.0,1,1
59153258,458.7459,0.6444,4.3,100.0,1,1
59153259,,,,,0,0
59153261,1033.1325,0.694,4.35,100.0,2,2
59153262,88.6076,0.6166,4.1,100.0,1,1
59153263,1030.6748,0.7072,4.3,100.0,1,1
59153264,1177.7778,0.7235,4.3,100.0,1,1
59153265,798.995,0.7235,4.3,100.0,1,1
59153266,570.5742,0.7235,4.3,100.0,1,1
59153267,110.4735,0.6166,4.1,100.0,1,1
59153268,835.3765,0.7235,4.3,100.0,1,1
59153269,1141.1483,0.7235,4.3,100.0,1,1
59153270,935.2941,0.7235,4.3,100.0,1,1
59153271,,,,,0,0
59153272,159.5547,0.6943,4.3,100.0,1,1
59153273,,,,,0,0
59153274,,,,,0,0
59153275,355.1402,0.6828,4.2,100.0,2,2
59153276,811.2245,0.7235,4.3,100.0,1,1
59153277,228.0702,0.4552,4.0,100.0,1,1
59153278,260.0,0.4552,4.0,100.0,1,1
59153279,954.0,0.7235,4.3,100.0,1,1
59153280,501.5873,0.7444,4.4,100.0,1,1
59153281,470.9389,0.7444,4.4,100.0,1,1
59153282,702.3026,0.6804,4.3,100.0,1,1
59153283,760.5396,0.6804,4.3,50.0,2,1
59153284,47.3373,,,0.0,1,0
59153285,45.6274,,,0.0,1,0
59153286,1081.0127,0.6804,4.3,50.0,2,1
59153287,608.2621,0.6804,4.3,100.0,1,1
59153288,589.779,0.6804,4.3,100.0,1,1
59153289,0.0,,,0.0,1,0
59153290,244.3778,0.5886,4.1,50.0,2,1
59153291,246.2236,0.5886,4.1,100.0,1,1
59153292,0.0,,,0.0,1,0
59153293,,,,,0,0
59153295,0.0,,,0.0,1,0
59153296,453.3528,0.6655,4.2,100.0,1,1
59153297,466.0767,0.627,4.15,100.0,2,2
59153298,508.1699,0.6655,4.2,100.0,1,1
59153299,1465.4867,0.7037,4.25,100.0,2,2
59153300,639.9177,0.6655,4.2,100.0,1,1
59153301,,,,,0,0
59153302,,,,,0,0
59153303,,,,,0,0
59153304,144.9683,0.555,4.1,100.0,1,1
59153305,433.8896,0.6426,4.3,100.0,2,2
59153306,238.4259,0.555,4.1,100.0,1,1
59153307,775.2294,0.6426,4.3,100.0,2,2
59153308,278.0027,0.555,4.1,100.0,1,1
59153370,31237.1021,0.8056,4.702,100.0,2,2
59153371,33796.9121,0.8056,4.702,100.0,2,2
59153372,20253.9185,0.7833,4.5667,100.0,3,3
59153373,14852.8736,0.7833,4.5667,100.0,3,3
59153394,55257.6737,0.8196,4.7,100.0,3,3
59153400,31513.8427,0.8056,4.702,100.0,2,2
59153464,1309.4945,0.6311,4.3,100.0,3,3
59153466,2844.1558,0.5497,4.1667,100.0,3,3
59153467,2189.6907,0.6311,4.3,100.0,3,3
59153469,4881.1594,0.8014,4.55,100.0,2,2
59153470,7947.245,0.6783,4.35,100.0,4,4
59153471,3889.6247,0.6666,4.3667,100.0,3,3
59153472,3786.5429,0.589,4.25,100.0,2,2
59153473,2784.8606,0.7811,4.5,100.0,1,1
59153474,1539.6476,0.7811,4.5,100.0,1,1
59153476,781.293,0.8505,4.575,100.0,4,4
59153477,928.4254,0.8779,4.6,100.0,3,3
59153479,101.2433,0.7685,4.5,100.0,1,1
59153480,652.3669,0.805,4.6,100.0,2,2
59153481,3006.4171,0.85,4.7,100.0,2,2
59153482,4021.4592,0.85,4.7,100.0,2,2
59153483,40.2762,0.6225,4.3,100.0,1,1
59153490,487.2935,0.7546,4.4,100.0,1,1
59153491,1428.0303,0.7386,4.4,100.0,2,2
59153492,1304.4218,0.7546,4.4,100.0,1,1
59153498,755.4945,0.6476,4.35,100.0,2,2
59153499,462.0141,0.7231,4.45,100.0,2,2
59153500,1818.1818,0.7074,4.4,100.0,4,4
59153539,368.1973,0.6723,4.3,100.0,1,1
59153540,749.1349,0.6723,4.3,100.0,1,1
59153552,365.6716,0.7243,4.2333,100.0,3,3
59153553,637.5465,0.7243,4.2333,100.0,3,3
59153562,11481.8182,0.8014,4.55,100.0,2,2
59153578,2526.9841,0.3948,3.8,100.0,2,2
59153579,308.3004,0.2948,3.5,100.0,1,1
59153580,164.0719,0.6985,4.4,100.0,1,1
59153581,422.1902,0.4966,3.95,100.0,2,2
59153582,906.1605,0.5788,4.2,100.0,2,2
59153583,2698.3017,0.5507,4.1667,100.0,3,3
59153585,1007.1656,0.5788,4.2,100.0,2,2
59153586,62505.8824,0.8301,4.64,100.0,5,5
59153587,66272.0,0.8344,4.7,100.0,2,2
59153588,56289.9207,0.8344,4.7,100.0,2,2
59153589,54921.547,0.8344,4.7,100.0,2,2
59153590,248.8372,0.8115,4.6,100.0,1,1
59153591,78779.7001,0.8236,4.75,100.0,2,2
59153668,324.7863,0.7685,4.5,100.0,1,1
59153669,2729.1066,0.7094,4.4,100.0,2,2
59153670,1398.8183,0.7094,4.4,100.0,2,2
59153671,2349.8759,0.7094,4.4,100.0,2,2
59153672,1486.6562,0.7094,4.4,100.0,2,2
59153673,1419.7901,0.7094,4.4,100.0,2,2
59153674,1555.0082,0.7094,4.4,100.0,2,2
59153675,1198.5612,0.6504,4.3,100.0,1,1
59153676,1201.7766,0.7094,4.4,100.0,2,2
59153677,,,,,0,0
59153678,1381.4262,0.6504,4.3,100.0,1,1
59153679,861.4271,0.6504,4.3,100.0,1,1
59153680,1062.5,0.6504,4.3,100.0,1,1
59153681,878.692,0.6504,4.3,100.0,1,1
59153682,,,,,0,0
59153683,639.7849,0.6504,4.3,100.0,1,1
59153684,1069.3196,0.6504,4.3,100.0,1,1
59153685,4124.2236,0.8166,4.6,100.0,1,1
59153686,4066.5914,0.7761,4.475,100.0,4,4
59153687,2711.7552,0.7854,4.425,100.0,4,4
59153688,1959.854,0.7626,4.4333,100.0,3,3
59153689,3574.1935,0.7752,4.475,80.0,5,4
59153690,2815.4897,0.7096,4.15,66.7,3,2
59153691,2105.1661,0.8129,4.6,100.0,1,1
59153692,799.0196,0.8129,4.6,100.0,1,1
59153799,,,,,0,0
59153800,,,,,0,0
59153801,9.2025,,,0.0,1,0
59153805,37.037,,,0.0,2,0
59153806,4.8701,,,0.0,1,0
59153807,782.716,0.5935,4.2,100.0,1,1
59153809,912.8834,0.637,4.25,100.0,2,2
59153810,477.0115,0.5833,4.3,66.7,3,2
59153812,1113.5903,0.6003,4.4333,100.0,3,3
59153814,391.3043,0.7768,4.4,100.0,1,1
59153815,1346.9697,0.7484,4.3,100.0,2,2
59153816,596.01,0.7206,4.2,100.0,1,1
59153818,466.3342,0.7487,4.3,100.0,2,2
59153821,,,,,0,0
59153825,935.7045,0.6952,4.35,100.0,2,2
59153826,426.501,0.6462,4.3,100.0,1,1
59153831,8537.7483,0.7583,4.45,66.7,3,2
59153833,9540.47,0.8217,4.6,100.0,1,1
59153835,1897.6898,0.8173,4.6,100.0,1,1
59153836,2268.0412,0.8458,4.55,100.0,2,2
59153838,608.5627,0.8214,4.5,100.0,2,2
59153839,82.6686,0.7685,4.5,100.0,1,1
59153843,288.3912,0.5899,4.3,100.0,2,2
59153847,927.9055,0.7136,4.3,100.0,1,1
59153849,791.8251,0.6504,4.3,100.0,1,1
59153851,4002.681,0.7136,4.3,100.0,1,1
59153852,41.6164,0.6895,4.1,100.0,1,1
59153955,14617.6471,0.7833,4.5667,100.0,3,3
59153956,121.4058,0.7685,4.5,100.0,1,1
59153986,36586.6373,0.8652,4.625,100.0,4,4
59153987,2418.0,0.8464,4.6,100.0,6,6
59153988,800.3182,0.737,4.5,66.7,3,2
59153989,1930.9021,0.737,4.5,66.7,3,2
59153990,1445.4023,0.737,4.5,66.7,3,2
59153991,101.9986,0.7482,4.5,50.0,2,1
59153994,4419.8113,0.85,4.7,100.0,2,2
59153995,15102.0408,0.7309,4.45,100.0,4,4
59153996,3670.0125,0.767,4.5,100.0,3,3
59153997,2493.6061,0.767,4.5,100.0,3,3
59154000,1869.8034,0.6089,4.25,100.0,4,4
59154002,3282.4903,0.6184,4.1,100.0,3,3
59154026,32017.2414,0.524,4.2,100.0,2,2
59154027,400.1268,0.5899,4.3,100.0,2,2
59154134,1432.232,0.6311,4.3,100.0,3,3
59154135,2030.5927,0.6311,4.3,100.0,3,3
59154136,682.1862,0.7272,4.4,75.0,4,3
59154137,651.8375,0.7272,4.4,75.0,4,3
59154138,602.8623,0.7272,4.4,75.0,4,3
59154139,3785.0851,0.7583,4.45,66.7,3,2
59154140,7329.428,0.769,4.468,100.0,3,3
59154141,3237.3868,0.7711,4.4333,100.0,3,3
59154142,3418.2825,0.8118,4.6,100.0,2,2
59154143,470.3791,0.7829,4.6,100.0,1,1
59154144,624.9045,0.6682,4.45,100.0,2,2
59154145,1182.0225,0.5777,4.3,100.0,3,3
59154146,1636.6782,0.5569,4.2333,100.0,3,3
59154147,2279.3893,0.7136,4.3,100.0,1,1
59154148,7519.2982,0.7791,4.5,100.0,3,3
59154149,12935.6137,0.7791,4.5,100.0,3,3
59154150,1210.5263,0.6532,4.25,100.0,2,2
59154152,358.9744,0.5621,4.1,100.0,1,1
59154154,182.8358,0.5621,4.1,100.0,1,1
59154156,135.5422,0.7768,4.4,100.0,1,1
59154157,331.6953,0.7768,4.4,100.0,1,1
59154158,904.328,0.7312,4.3,100.0,2,2
59154159,475.9036,0.7418,4.4,100.0,1,1
59154164,199.3007,0.7334,4.35,100.0,2,2
59154165,1273.8275,0.7434,4.38,100.0,5,5
59154166,257.971,0.6502,4.1,100.0,1,1
59154167,99.8981,0.8351,4.5,100.0,2,2
59154168,,,,,0,0
59154169,745.7806,0.7894,4.4333,100.0,3,3
59154172,739.2344,0.7096,4.15,66.7,3,2
59154173,1873.743,0.7469,4.4,75.0,4,3
59154174,446.9619,0.7301,4.3,80.0,5,4
59154177,265.1357,0.5068,4.1,100.0,1,1
59154180,0.0,,,0.0,1,0
59154181,4351.312,0.5024,4.1333,100.0,3,3
59154182,1630.3775,0.524,4.2,100.0,2,2
59154183,9474.4898,0.524,4.2,100.0,2,2
59154184,590.8853,0.459,4.0,100.0,1,1
59154185,2072.9087,0.5507,4.1667,100.0,3,3
59154186,1924.9147,0.459,4.0,100.0,1,1
59154187,1231.7429,0.5788,4.2,100.0,2,2
59154188,492.8571,0.6532,4.25,100.0,2,2
59154189,251.928,0.5621,4.1,100.0,1,1
59154190,949.3366,0.739,4.3333,100.0,3,3
59154191,1185.241,0.739,4.3333,100.0,3,3
59154192,1290.1554,0.824,4.55,66.7,3,2
59154193,1457.5524,0.7514,4.2667,75.0,4,3
59154194,1109.2308,0.5943,4.2,100.0,2,2
59154195,1896.9521,0.5954,4.25,100.0,2,2
59154196,767.4419,0.6818,4.3,100.0,1,1
