DAUID,amenity_type_count,mean_types_per_park,n_parks_usability,playground,sports_fields,courts,trails,dog_offleash,water_play,beach_waterfront,picnic,washroom,community_garden,seating_shelter
59150307,0.0,0.0,2,0.0,0.0,0.0,0.0,0.0,0.0,0.0,0.0,0.0,0.0,0.0
59150308,,,0,,,,,,,,,,,
59150309,,,0,,,,,,,,,,,
59150310,,,0,,,,,,,,,,,
59150311,5.0,5.0,1,1.0,1.0,0.0,0.0,0.0,0.0,0.0,0.0,1.0,1.0,1.0
59150312,5.0,5.0,1,1.0,1.0,0.0,0.0,0.0,0.0,0.0,0.0,1.0,1.0,1.0
59150313,5.0,2.5,2,1.0,1.0,0.0,0.0,0.0,0.0,0.0,0.0,1.0,1.0,1.0
59150328,5.0,2.5,2,1.0,1.0,0.0,0.0,0.0,0.0,0.0,0.0,1.0,1.0,1.0
59150329,5.0,2.67,3,1.0,1.0,0.0,0.0,0.0,1.0,0.0,0.0,1.0,0.0,1.0
59150330,4.0,4.0,1,1.0,1.0,0.0,0.0,0.0,0.0,0.0,0.0,1.0,0.0,1.0
59150331,4.0,4.0,1,1.0,1.0,0.0,0.0,0.0,0.0,0.0,0.0,1.0,0.0,1.0
59150332,,,0,,,,,,,,,,,
59150333,,,0,,,,,,,,,,,
59150334,5.0,5.0,1,1.0,1.0,1.0,0.0,0.0,1.0,0.0,0.0,1.0,0.0,0.0
59150335,5.0,5.0,1,1.0,1.0,1.0,0.0,0.0,1.0,0.0,0.0,1.0,0.0,0.0
59150336,5.0,5.0,1,1.0,1.0,1.0,0.0,0.0,1.0,0.0,0.0,1.0,0.0,0.0
59150337,6.0,5.5,2,1.0,1.0,1.0,0.0,0.0,1.0,0.0,0.0,1.0,0.0,1.0
59150338,5.0,4.0,2,1.0,1.0,1.0,0.0,0.0,1.0,0.0,0.0,1.0,0.0,0.0
59150339,3.0,3.0,1,1.0,1.0,1.0,0.0,0.0,0.0,0.0,0.0,0.0,0.0,0.0
59150340,3.0,3.0,1,1.0,1.0,1.0,0.0,0.0,0.0,0.0,0.0,0.0,0.0,0.0
59150341,4.0,2.5,2,1.0,1.0,1.0,0.0,0.0,0.0,0.0,0.0,0.0,0.0,1.0
59150342,3.0,3.0,1,1.0,1.0,1.0,0.0,0.0,0.0,0.0,0.0,0.0,0.0,0.0
59150343,6.0,4.5,2,1.0,0.0,1.0,0.0,0.0,1.0,0.0,0.0,1.0,1.0,1.0
59150344,3.0,3.0,1,1.0,0.0,0.0,0.0,0.0,0.0,0.0,0.0,1.0,0.0,1.0
59150345,6.0,3.33,3,1.0,0.0,1.0,0.0,0.0,1.0,0.0,0.0,1.0,1.0,1.0
59150346,6.0,4.5,2,1.0,0.0,1.0,0.0,0.0,1.0,0.0,0.0,1.0,1.0,1.0
59150347,6.0,3.67,3,1.0,0.0,1.0,0.0,0.0,1.0,0.0,0.0,1.0,1.0,1.0
59150348,6.0,3.0,4,1.0,0.0,1.0,0.0,0.0,1.0,0.0,0.0,1.0,1.0,1.0
59150349,6.0,3.0,3,1.0,0.0,1.0,0.0,0.0,1.0,0.0,0.0,1.0,1.0,1.0
59150350,6.0,3.0,3,1.0,0.0,1.0,0.0,0.0,1.0,0.0,0.0,1.0,1.0,1.0
59150351,6.0,3.0,3,1.0,0.0,1.0,0.0,0.0,1.0,0.0,0.0,1.0,1.0,1.0
59150352,2.0,2.0,1,1.0,0.0,0.0,0.0,0.0,0.0,0.0,0.0,0.0,0.0,1.0
59150353,2.0,2.0,1,1.0,0.0,0.0,0.0,0.0,0.0,0.0,0.0,0.0,0.0,1.0
59150354,6.0,4.0,2,1.0,1.0,1.0,0.0,0.0,0.0,0.0,0.0,1.0,1.0,1.0
59150355,,,0,,,,,,,,,,,
59150356,6.0,6.0,1,1.0,1.0,1.0,0.0,0.0,0.0,0.0,0.0,1.0,1.0,1.0
59150357,2.0,2.0,1,1.0,0.0,0.0,0.0,0.0,0.0,0.0,0.0,0.0,0.0,1.0
59150358,6.0,6.0,1,1.0,1.0,1.0,0.0,0.0,0.0,0.0,0.0,1.0,1.0,1.0
59150359,5.0,2.67,3,1.0,0.0,1.0,0.0,0.0,0.0,0.0,0.0,1.0,1.0,1.0
59150360,2.0,2.0,1,1.0,0.0,0.0,0.0,0.0,0.0,0.0,0.0,0.0,0.0,1.0
59150361,6.0,4.0,2,1.0,1.0,1.0,0.0,1.0,0.0,0.0,0.0,1.0,0.0,1.0
59150362,9.0,7.5,2,1.0,1.0,1.0,1.0,1.0,0.0,1.0,1.0,1.0,0.0,1.0
59150363,6.0,6.0,1,1.0,1.0,1.0,0.0,1.0,0.0,0.0,0.0,1.0,0.0,1.0
59150364,9.0,7.5,2,1.0,1.0,1.0,1.0,1.0,0.0,1.0,1.0,1.0,0.0,1.0
59150365,9.0,7.5,2,1.0,1.0,1.0,1.0,1.0,0.0,1.0,1.0,1.0,0.0,1.0
59150366,6.0,6.0,1,1.0,1.0,1.0,0.0,1.0,0.0,0.0,0.0,1.0,0.0,1.0
59150367,9.0,7.5,2,1.0,1.0,1.0,1.0,1.0,0.0,1.0,1.0,1.0,0.0,1.0
59150368,,,0,,,,,,,,,,,
59150369,6.0,6.0,1,1.0,0.0,1.0,0.0,1.0,0.0,0.0,0.0,1.0,1.0,1.0
59150371,7.0,4.5,2,1.0,1.0,1.0,0.0,1.0,0.0,0.0,1.0,1.0,0.0,1.0
59150373,6.0,5.0,2,1.0,0.0,1.0,0.0,1.0,0.0,0.0,0.0,1.0,1.0,1.0
59150375,,,0,,,,,,,,,,,
59150376,4.0,4.0,1,1.0,0.0,1.0,0.0,0.0,0.0,0.0,0.0,1.0,0.0,1.0
59150377,6.0,6.0,1,1.0,0.0,1.0,0.0,0.0,1.0,0.0,1.0,1.0,0.0,1.0
59150378,,,0,,,,,,,,,,,
59150379,6.0,6.0,1,1.0,0.0,1.0,0.0,0.0,1.0,0.0,1.0,1.0,0.0,1.0
59150380,6.0,6.0,1,1.0,0.0,1.0,0.0,0.0,1.0,0.0,1.0,1.0,0.0,1.0
59150381,6.0,6.0,1,1.0,0.0,1.0,0.0,0.0,1.0,0.0,1.0,1.0,0.0,1.0
59150382,,,0,,,,,,,,,,,
59150383,6.0,6.0,1,1.0,0.0,1.0,0.0,0.0,1.0,0.0,1.0,1.0,0.0,1.0
59150384,,,0,,,,,,,,,,,
59150385,6.0,6.0,1,1.0,1.0,1.0,0.0,0.0,0.0,0.0,1.0,1.0,0.0,1.0
59150386,6.0,6.0,1,1.0,1.0,1.0,0.0,0.0,0.0,0.0,1.0,1.0,0.0,1.0
59150387,6.0,6.0,1,1.0,1.0,1.0,0.0,0.0,0.0,0.0,1.0,1.0,0.0,1.0
59150388,6.0,6.0,1,1.0,1.0,1.0,0.0,0.0,0.0,0.0,1.0,1.0,0.0,1.0
59150389,6.0,6.0,1,1.0,1.0,1.0,0.0,0.0,0.0,0.0,1.0,1.0,0.0,1.0
59150390,6.0,6.0,1,1.0,1.0,1.0,0.0,0.0,0.0,0.0,1.0,1.0,0.0,1.0
59150391,6.0,6.0,1,1.0,1.0,1.0,0.0,0.0,0.0,0.0,1.0,1.0,0.0,1.0
59150392,5.0,5.0,1,1.0,1.0,1.0,0.0,0.0,0.0,0.0,0.0,1.0,0.0,1.0
59150393,5.0,3.0,2,1.0,1.0,1.0,0.0,0.0,0.0,0.0,0.0,1.0,0.0,1.0
59150394,5.0,3.0,2,1.0,1.0,1.0,0.0,0.0,0.0,0.0,0.0,1.0,0.0,1.0
59150395,5.0,3.0,2,1.0,1.0,1.0,0.0,0.0,0.0,0.0,0.0,1.0,0.0,1.0
59150396,1.0,1.0,1,1.0,0.0,0.0,0.0,0.0,0.0,0.0,0.0,0.0,0.0,0.0
59150397,1.0,1.0,1,1.0,0.0,0.0,0.0,0.0,0.0,0.0,0.0,0.0,0.0,0.0
59150398,1.0,1.0,1,1.0,0.0,0.0,0.0,0.0,0.0,0.0,0.0,0.0,0.0,0.0
59150399,6.0,6.0,1,1.0,1.0,1.0,0.0,0.0,0.0,0.0,1.0,1.0,0.0,1.0
59150400,6.0,6.0,1,1.0,1.0,1.0,0.0,0.0,0.0,0.0,1.0,1.0,0.0,1.0
59150401,6.0,4.5,2,1.0,1.0,0.0,1.0,0.0,0.0,0.0,1.0,1.0,0.0,1.0
59150402,3.0,3.0,1,1.0,1.0,0.0,0.0,0.0,0.0,0.0,0.0,1.0,0.0,0.0
59150403,6.0,4.5,2,1.0,1.0,0.0,1.0,0.0,0.0,0.0,1.0,1.0,0.0,1.0
59150404,6.0,4.5,2,1.0,1.0,0.0,1.0,0.0,0.0,0.0,1.0,1.0,0.0,1.0
59150405,6.0,6.0,1,1.0,1.0,0.0,1.0,0.0,0.0,0.0,1.0,1.0,0.0,1.0
59150406,3.0,3.0,1,1.0,1.0,0.0,0.0,0.0,0.0,0.0,0.0,1.0,0.0,0.0
59150407,3.0,3.0,1,1.0,1.0,0.0,0.0,0.0,0.0,0.0,0.0,1.0,0.0,0.0
59150408,7.0,6.0,2,1.0,1.0,1.0,0.0,1.0,0.0,0.0,0.0,1.0,1.0,1.0
59150409,6.0,6.0,1,1.0,0.0,1.0,0.0,1.0,0.0,0.0,0.0,1.0,1.0,1.0
59150410,6.0,6.0,1,1.0,0.0,1.0,0.0,1.0,0.0,0.0,0.0,1.0,1.0,1.0
59150412,6.0,6.0,1,1.0,0.0,1.0,0.0,1.0,0.0,0.0,0.0,1.0,1.0,1.0
59150414,7.0,4.5,2,1.0,1.0,1.0,0.0,0.0,1.0,0.0,1.0,1.0,0.0,1.0
59150415,7.0,4.5,2,1.0,1.0,1.0,0.0,1.0,0.0,0.0,0.0,1.0,1.0,1.0
59150416,7.0,4.5,2,1.0,1.0,1.0,0.0,0.0,1.0,0.0,1.0,1.0,0.0,1.0
59150417,3.0,3.0,1,1.0,1.0,0.0,0.0,0.0,0.0,0.0,0.0,1.0,0.0,0.0
59150419,6.0,6.0,1,1.0,0.0,1.0,0.0,0.0,1.0,0.0,1.0,1.0,0.0,1.0
59150420,6.0,6.0,1,1.0,1.0,1.0,0.0,0.0,0.0,0.0,0.0,1.0,1.0,1.0
59150421,6.0,6.0,1,1.0,1.0,1.0,0.0,0.0,0.0,0.0,0.0,1.0,1.0,1.0
59150422,10.0,7.5,2,1.0,1.0,1.0,1.0,1.0,0.0,1.0,1.0,1.0,1.0,1.0
59150423,6.0,6.0,1,1.0,1.0,1.0,0.0,0.0,0.0,0.0,0.0,1.0,1.0,1.0
59150424,10.0,7.5,2,1.0,1.0,1.0,1.0,1.0,0.0,1.0,1.0,1.0,1.0,1.0
59150425,9.0,9.0,1,1.0,1.0,1.0,1.0,1.0,0.0,1.0,1.0,1.0,0.0,1.0
59150426,9.0,7.5,2,1.0,1.0,1.0,1.0,1.0,0.0,1.0,1.0,1.0,0.0,1.0
59150427,4.0,4.0,1,1.0,1.0,0.0,0.0,0.0,0.0,0.0,0.0,1.0,1.0,0.0
59150428,4.0,4.0,1,1.0,1.0,0.0,0.0,0.0,0.0,0.0,0.0,1.0,1.0,0.0
59150429,4.0,4.0,1,1.0,1.0,0.0,0.0,0.0,0.0,0.0,0.0,1.0,1.0,0.0
59150430,,,0,,,,,,,,,,,
59150431,0.0,0.0,1,0.0,0.0,0.0,0.0,0.0,0.0,0.0,0.0,0.0,0.0,0.0
59150432,6.0,3.0,2,1.0,0.0,1.0,0.0,0.0,1.0,0.0,0.0,1.0,1.0,1.0
59150433,6.0,4.0,2,1.0,0.0,1.0,0.0,0.0,1.0,0.0,0.0,1.0,1.0,1.0
59150434,6.0,4.0,2,1.0,0.0,1.0,0.0,0.0,1.0,0.0,0.0,1.0,1.0,1.0
59150435,2.0,2.0,1,1.0,0.0,0.0,0.0,0.0,0.0,0.0,0.0,0.0,0.0,1.0
59150436,7.0,5.0,3,1.0,1.0,1.0,0.0,0.0,1.0,0.0,0.0,1.0,1.0,1.0
59150437,7.0,7.0,1,1.0,1.0,1.0,0.0,0.0,1.0,0.0,0.0,1.0,1.0,1.0
59150438,7.0,7.0,1,1.0,1.0,1.0,0.0,0.0,1.0,0.0,0.0,1.0,1.0,1.0
59150439,7.0,5.0,2,1.0,1.0,1.0,0.0,0.0,1.0,0.0,0.0,1.0,1.0,1.0
59150440,7.0,7.0,1,1.0,1.0,1.0,0.0,0.0,1.0,0.0,0.0,1.0,1.0,1.0
59150442,7.0,5.0,2,1.0,1.0,1.0,0.0,0.0,1.0,0.0,0.0,1.0,1.0,1.0
59150443,7.0,5.0,2,1.0,1.0,1.0,0.0,0.0,1.0,0.0,0.0,1.0,1.0,1.0
59150444,5.0,4.0,2,1.0,1.0,0.0,0.0,1.0,0.0,0.0,0.0,1.0,0.0,1.0
59150445,5.0,5.0,1,1.0,1.0,0.0,0.0,1.0,0.0,0.0,0.0,1.0,0.0,1.0
59150446,5.0,5.0,1,1.0,1.0,0.0,0.0,1.0,0.0,0.0,0.0,1.0,0.0,1.0
59150447,5.0,5.0,1,1.0,1.0,0.0,0.0,1.0,0.0,0.0,0.0,1.0,0.0,1.0
59150448,,,0,,,,,,,,,,,
59150449,,,0,,,,,,,,,,,
59150450,,,0,,,,,,,,,,,
59150451,5.0,3.0,2,1.0,1.0,1.0,0.0,0.0,1.0,0.0,0.0,1.0,0.0,0.0
59150452,5.0,3.0,2,1.0,1.0,1.0,0.0,0.0,1.0,0.0,0.0,1.0,0.0,0.0
59150453,5.0,3.0,2,1.0,1.0,1.0,0.0,0.0,1.0,0.0,0.0,1.0,0.0,0.0
59150454,5.0,2.0,3,1.0,1.0,1.0,0.0,0.0,1.0,0.0,0.0,1.0,0.0,0.0
59150455,5.0,2.0,3,1.0,1.0,1.0,0.0,0.0,0.0,0.0,0.0,1.0,0.0,1.0
59150457,,,0,,,,,,,,,,,
59150459,,,0,,,,,,,,,,,
59150460,,,0,,,,,,,,,,,
59150461,4.0,2.0,2,1.0,1.0,0.0,0.0,0.0,1.0,0.0,0.0,1.0,0.0,0.0
59150462,4.0,2.0,2,1.0,1.0,0.0,0.0,0.0,1.0,0.0,0.0,1.0,0.0,0.0
59150463,4.0,4.0,1,1.0,1.0,0.0,0.0,0.0,1.0,0.0,0.0,1.0,0.0,0.0
59150465,,,0,,,,,,,,,,,
59150466,5.0,5.0,1,1.0,1.0,1.0,0.0,0.0,0.0,0.0,0.0,1.0,0.0,1.0
59150468,5.0,5.0,1,1.0,1.0,1.0,0.0,0.0,0.0,0.0,0.0,1.0,0.0,1.0
59150469,5.0,5.0,1,1.0,1.0,1.0,0.0,0.0,0.0,0.0,0.0,1.0,0.0,1.0
59150470,5.0,5.0,1,1.0,1.0,1.0,0.0,0.0,0.0,0.0,0.0,1.0,0.0,1.0
59150471,,,0,,,,,,,,,,,
59150472,,,0,,,,,,,,,,,
59150473,6.0,6.0,1,1.0,1.0,1.0,0.0,0.0,0.0,0.0,1.0,1.0,0.0,1.0
59150474,,,0,,,,,,,,,,,
59150475,6.0,6.0,1,1.0,1.0,1.0,0.0,0.0,0.0,0.0,1.0,1.0,0.0,1.0
59150476,6.0,6.0,1,1.0,1.0,1.0,0.0,0.0,0.0,0.0,1.0,1.0,0.0,1.0
59150477,4.0,4.0,1,1.0,0.0,0.0,0.0,1.0,0.0,0.0,0.0,1.0,0.0,1.0
59150478,4.0,4.0,1,1.0,0.0,0.0,0.0,1.0,0.0,0.0,0.0,1.0,0.0,1.0
59150479,4.0,4.0,1,1.0,0.0,0.0,0.0,1.0,0.0,0.0,0.0,1.0,0.0,1.0
59150480,4.0,4.0,1,1.0,0.0,0.0,0.0,1.0,0.0,0.0,0.0,1.0,0.0,1.0
59150481,4.0,4.0,1,1.0,0.0,0.0,0.0,1.0,0.0,0.0,0.0,1.0,0.0,1.0
59150482,,,0,,,,,,,,,,,
59150483,,,0,,,,,,,,,,,
59150484,,,0,,,,,,,,,,,
59150485,,,0,,,,,,,,,,,
59150486,4.0,4.0,1,1.0,1.0,0.0,0.0,0.0,0.0,0.0,0.0,1.0,0.0,1.0
59150487,4.0,4.0,1,1.0,1.0,0.0,0.0,0.0,0.0,0.0,0.0,1.0,0.0,1.0
59150488,4.0,3.0,2,1.0,1.0,0.0,0.0,0.0,0.0,0.0,0.0,1.0,0.0,1.0
59150489,4.0,3.0,2,1.0,1.0,0.0,0.0,0.0,0.0,0.0,0.0,1.0,0.0,1.0
59150490,2.0,2.0,1,1.0,0.0,0.0,0.0,0.0,0.0,0.0,0.0,0.0,0.0,1.0
59150491,2.0,2.0,1,1.0,0.0,0.0,0.0,0.0,0.0,0.0,0.0,0.0,0.0,1.0
59150492,2.0,2.0,1,1.0,0.0,0.0,0.0,0.0,0.0,0.0,0.0,0.0,0.0,1.0
59150493,2.0,2.0,1,0.0,0.0,1.0,0.0,0.0,0.0,0.0,0.0,0.0,0.0,1.0
59150494,2.0,2.0,1,0.0,0.0,1.0,0.0,0.0,0.0,0.0,0.0,0.0,0.0,1.0
59150495,3.0,1.5,4,1.0,0.0,1.0,0.0,0.0,0.0,0.0,0.0,0.0,0.0,1.0
59150496,3.0,2.0,2,1.0,0.0,1.0,0.0,0.0,0.0,0.0,0.0,0.0,0.0,1.0
59150497,3.0,2.0,2,1.0,0.0,1.0,0.0,0.0,0.0,0.0,0.0,0.0,0.0,1.0
59150498,3.0,2.0,2,1.0,0.0,1.0,0.0,0.0,0.0,0.0,0.0,0.0,0.0,1.0
59150499,2.0,2.0,2,1.0,0.0,0.0,0.0,0.0,0.0,0.0,0.0,0.0,0.0,1.0
59150500,3.0,2.0,3,1.0,0.0,1.0,0.0,0.0,0.0,0.0,0.0,0.0,0.0,1.0
59150503,3.0,2.5,2,1.0,0.0,1.0,0.0,0.0,0.0,0.0,0.0,0.0,0.0,1.0
59150504,6.0,3.0,3,1.0,0.0,1.0,0.0,1.0,0.0,1.0,0.0,1.0,0.0,1.0
59150505,3.0,1.5,2,1.0,1.0,0.0,0.0,0.0,0.0,0.0,0.0,0.0,0.0,1.0
59150506,3.0,1.5,2,1.0,1.0,0.0,0.0,0.0,0.0,0.0,0.0,0.0,0.0,1.0
59150507,1.0,1.0,1,0.0,1.0,0.0,0.0,0.0,0.0,0.0,0.0,0.0,0.0,0.0
59150508,3.0,1.5,2,1.0,1.0,0.0,0.0,0.0,0.0,0.0,0.0,0.0,0.0,1.0
59150509,2.0,1.0,2,1.0,0.0,0.0,0.0,0.0,0.0,0.0,0.0,0.0,0.0,1.0
59150510,,,0,,,,,,,,,,,
59150511,,,0,,,,,,,,,,,
59150512,,,0,,,,,,,,,,,
59150513,,,0,,,,,,,,,,,
59150514,,,0,,,,,,,,,,,
59150515,,,0,,,,,,,,,,,
59150516,,,0,,,,,,,,,,,
59150517,3.0,3.0,1,1.0,0.0,0.0,0.0,0.0,0.0,0.0,0.0,0.0,1.0,1.0
59150518,5.0,5.0,1,1.0,1.0,0.0,0.0,0.0,0.0,0.0,1.0,1.0,0.0,1.0
59150519,6.0,4.0,2,1.0,1.0,0.0,0.0,0.0,0.0,0.0,1.0,1.0,1.0,1.0
59150520,5.0,5.0,1,1.0,1.0,0.0,0.0,0.0,0.0,0.0,1.0,1.0,0.0,1.0
59150521,5.0,4.0,2,1.0,1.0,0.0,0.0,0.0,0.0,0.0,1.0,1.0,0.0,1.0
59150522,3.0,3.0,1,1.0,1.0,0.0,0.0,0.0,0.0,0.0,0.0,1.0,0.0,0.0
59150523,4.0,2.5,2,1.0,1.0,1.0,0.0,0.0,0.0,0.0,0.0,1.0,0.0,0.0
59150524,,,0,,,,,,,,,,,
59150526,4.0,4.0,1,1.0,0.0,0.0,0.0,1.0,0.0,0.0,0.0,1.0,0.0,1.0
59150527,4.0,4.0,1,1.0,0.0,0.0,0.0,1.0,0.0,0.0,0.0,1.0,0.0,1.0
59150529,2.0,2.0,1,1.0,0.0,1.0,0.0,0.0,0.0,0.0,0.0,0.0,0.0,0.0
59150530,2.0,2.0,1,1.0,0.0,1.0,0.0,0.0,0.0,0.0,0.0,0.0,0.0,0.0
59150531,6.0,4.0,2,1.0,1.0,1.0,0.0,0.0,0.0,0.0,1.0,1.0,0.0,1.0
59150534,8.0,8.0,1,1.0,0.0,1.0,1.0,1.0,0.0,1.0,1.0,1.0,0.0,1.0
59150535,3.0,2.0,2,1.0,1.0,1.0,0.0,0.0,0.0,0.0,0.0,0.0,0.0,0.0
59150536,9.0,5.0,2,1.0,1.0,1.0,1.0,1.0,0.0,1.0,1.0,1.0,0.0,1.0
59150537,2.0,2.0,1,1.0,1.0,0.0,0.0,0.0,0.0,0.0,0.0,0.0,0.0,0.0
59150538,10.0,6.5,2,1.0,1.0,1.0,1.0,1.0,0.0,1.0,1.0,1.0,1.0,1.0
59150539,8.0,8.0,1,1.0,0.0,1.0,1.0,1.0,0.0,1.0,1.0,1.0,0.0,1.0
59150540,9.0,5.5,2,1.0,1.0,1.0,1.0,1.0,0.0,1.0,1.0,1.0,0.0,1.0
59150541,3.0,3.0,1,1.0,1.0,0.0,0.0,0.0,0.0,0.0,0.0,1.0,0.0,0.0
59150542,8.0,8.0,1,1.0,0.0,1.0,1.0,1.0,0.0,1.0,1.0,1.0,0.0,1.0
59150543,9.0,6.0,2,1.0,1.0,1.0,1.0,1.0,0.0,1.0,1.0,1.0,0.0,1.0
59150544,5.0,5.0,1,1.0,1.0,0.0,0.0,0.0,0.0,0.0,1.0,1.0,0.0,1.0
59150545,9.0,5.33,3,1.0,1.0,1.0,1.0,1.0,0.0,1.0,1.0,1.0,0.0,1.0
59150546,,,0,,,,,,,,,,,
59150547,5.0,5.0,1,1.0,1.0,0.0,0.0,0.0,0.0,0.0,1.0,1.0,0.0,1.0
59150548,5.0,5.0,1,1.0,1.0,0.0,0.0,0.0,0.0,0.0,1.0,1.0,0.0,1.0
59150549,4.0,4.0,1,1.0,1.0,0.0,0.0,0.0,0.0,0.0,0.0,1.0,0.0,1.0
59150550,4.0,4.0,1,1.0,1.0,0.0,0.0,0.0,0.0,0.0,0.0,1.0,0.0,1.0
59150551,4.0,4.0,1,1.0,1.0,0.0,0.0,0.0,0.0,0.0,0.0,1.0,0.0,1.0
59150552,,,0,,,,,,,,,,,
59150553,,,0,,,,,,,,,,,
59150554,,,0,,,,,,,,,,,
59150555,0.0,0.0,1,0.0,0.0,0.0,0.0,0.0,0.0,0.0,0.0,0.0,0.0,0.0
59150556,1.0,0.5,2,1.0,0.0,0.0,0.0,0.0,0.0,0.0,0.0,0.0,0.0,0.0
59150557,,,0,,,,,,,,,,,
59150558,1.0,1.0,1,1.0,0.0,0.0,0.0,0.0,0.0,0.0,0.0,0.0,0.0,0.0
59150559,6.0,3.5,2,1.0,1.0,0.0,0.0,0.0,1.0,0.0,1.0,1.0,0.0,1.0
59150560,4.0,1.33,3,1.0,1.0,0.0,0.0,0.0,0.0,0.0,0.0,1.0,0.0,1.0
59150561,6.0,3.0,2,1.0,1.0,0.0,0.0,0.0,1.0,0.0,1.0,1.0,0.0,1.0
59150562,3.0,3.0,1,0.0,1.0,0.0,0.0,0.0,0.0,0.0,0.0,1.0,0.0,1.0
59150563,4.0,2.0,2,1.0,1.0,0.0,0.0,0.0,0.0,0.0,0.0,1.0,0.0,1.0
59150564,4.0,2.0,2,1.0,1.0,0.0,0.0,0.0,0.0,0.0,0.0,1.0,0.0,1.0
59150565,3.0,3.0,1,0.0,1.0,0.0,0.0,0.0,0.0,0.0,0.0,1.0,0.0,1.0
59150566,,,0,,,,,,,,,,,
59150567,0.0,0.0,1,0.0,0.0,0.0,0.0,0.0,0.0,0.0,0.0,0.0,0.0,0.0
59150568,0.0,0.0,2,0.0,0.0,0.0,0.0,0.0,0.0,0.0,0.0,0.0,0.0,0.0
59150569,1.0,0.5,2,1.0,0.0,0.0,0.0,0.0,0.0,0.0,0.0,0.0,0.0,0.0
59150570,4.0,1.33,3,1.0,1.0,0.0,0.0,0.0,0.0,0.0,0.0,1.0,0.0,1.0
59150571,6.0,3.0,2,1.0,1.0,0.0,1.0,1.0,0.0,0.0,0.0,1.0,0.0,1.0
59150572,6.0,2.67,3,1.0,1.0,0.0,1.0,1.0,0.0,0.0,0.0,1.0,0.0,1.0
59150573,6.0,3.0,2,1.0,1.0,0.0,1.0,1.0,0.0,0.0,0.0,1.0,0.0,1.0
59150575,6.0,2.67,3,1.0,1.0,0.0,1.0,1.0,0.0,0.0,0.0,1.0,0.0,1.0
59150577,0.0,0.0,1,0.0,0.0,0.0,0.0,0.0,0.0,0.0,0.0,0.0,0.0,0.0
59150578,3.0,1.5,2,1.0,1.0,0.0,0.0,0.0,0.0,0.0,0.0,1.0,0.0,0.0
59150579,3.0,1.5,2,1.0,1.0,0.0,0.0,0.0,0.0,0.0,0.0,1.0,0.0,0.0
59150580,3.0,3.0,1,1.0,1.0,0.0,0.0,0.0,0.0,0.0,0.0,1.0,0.0,0.0
59150581,3.0,3.0,1,1.0,1.0,0.0,0.0,0.0,0.0,0.0,0.0,1.0,0.0,0.0
59150582,,,0,,,,,,,,,,,
59150583,2.0,2.0,2,1.0,0.0,0.0,0.0,0.0,0.0,0.0,0.0,0.0,0.0,1.0
59150584,4.0,2.67,3,1.0,0.0,0.0,0.0,0.0,1.0,0.0,0.0,1.0,0.0,1.0
59150585,4.0,2.67,3,1.0,0.0,0.0,0.0,0.0,1.0,0.0,0.0,1.0,0.0,1.0
59150586,4.0,2.67,3,1.0,0.0,0.0,0.0,0.0,1.0,0.0,0.0,1.0,0.0,1.0
59150587,4.0,4.0,1,1.0,0.0,0.0,0.0,0.0,1.0,0.0,0.0,1.0,0.0,1.0
59150588,5.0,4.0,2,1.0,1.0,0.0,0.0,0.0,1.0,0.0,0.0,1.0,0.0,1.0
59150589,4.0,4.0,1,1.0,1.0,0.0,0.0,0.0,0.0,0.0,0.0,1.0,0.0,1.0
59150590,4.0,4.0,1,1.0,1.0,0.0,0.0,0.0,0.0,0.0,0.0,1.0,0.0,1.0
59150591,4.0,4.0,1,1.0,1.0,0.0,0.0,0.0,0.0,0.0,0.0,1.0,0.0,1.0
59150592,4.0,4.0,1,1.0,1.0,0.0,0.0,0.0,0.0,0.0,0.0,1.0,0.0,1.0
59150593,,,0,,,,,,,,,,,
59150594,6.0,6.0,1,1.0,1.0,1.0,0.0,0.0,0.0,1.0,0.0,1.0,0.0,1.0
59150595,3.0,3.0,1,1.0,0.0,1.0,0.0,0.0,0.0,0.0,0.0,0.0,0.0,1.0
59150596,6.0,6.0,1,1.0,1.0,1.0,0.0,0.0,0.0,1.0,0.0,1.0,0.0,1.0
59150597,6.0,4.5,2,1.0,1.0,1.0,0.0,0.0,0.0,1.0,0.0,1.0,0.0,1.0
59150598,6.0,6.0,1,1.0,1.0,1.0,0.0,0.0,0.0,1.0,0.0,1.0,0.0,1.0
59150599,6.0,6.0,1,1.0,1.0,1.0,0.0,0.0,0.0,1.0,0.0,1.0,0.0,1.0
59150600,8.0,5.33,3,1.0,1.0,1.0,1.0,0.0,0.0,1.0,1.0,1.0,0.0,1.0
59150601,6.0,4.0,3,1.0,1.0,1.0,0.0,0.0,0.0,1.0,0.0,1.0,0.0,1.0
59150602,6.0,4.0,3,1.0,1.0,1.0,0.0,0.0,0.0,1.0,0.0,1.0,0.0,1.0
59150603,6.0,3.75,4,1.0,1.0,1.0,0.0,0.0,0.0,1.0,0.0,1.0,0.0,1.0
59150604,6.0,4.0,3,1.0,1.0,1.0,0.0,0.0,0.0,1.0,0.0,1.0,0.0,1.0
59150605,6.0,6.0,1,1.0,1.0,1.0,0.0,0.0,0.0,1.0,0.0,1.0,0.0,1.0
59150606,6.0,4.0,2,1.0,1.0,1.0,0.0,0.0,0.0,1.0,0.0,1.0,0.0,1.0
59150607,6.0,3.2,5,1.0,1.0,1.0,0.0,0.0,0.0,1.0,0.0,1.0,0.0,1.0
59150608,3.0,1.75,4,1.0,0.0,0.0,0.0,0.0,0.0,1.0,0.0,0.0,0.0,1.0
59150609,2.0,2.0,1,1.0,0.0,0.0,0.0,0.0,0.0,1.0,0.0,0.0,0.0,0.0
59150610,2.0,2.0,1,1.0,0.0,0.0,0.0,0.0,0.0,1.0,0.0,0.0,0.0,0.0
59150611,4.0,4.0,1,1.0,0.0,0.0,0.0,0.0,1.0,0.0,0.0,1.0,0.0,1.0
59150612,,,0,,,,,,,,,,,
59150613,4.0,4.0,1,1.0,0.0,0.0,0.0,0.0,1.0,0.0,0.0,1.0,0.0,1.0
59150614,,,0,,,,,,,,,,,
59150615,4.0,3.0,2,1.0,0.0,0.0,0.0,0.0,1.0,0.0,0.0,1.0,0.0,1.0
59150616,2.0,2.0,1,1.0,0.0,0.0,0.0,0.0,0.0,0.0,0.0,0.0,0.0,1.0
59150617,4.0,2.5,4,1.0,0.0,0.0,0.0,0.0,1.0,0.0,0.0,1.0,0.0,1.0
59150618,2.0,2.0,3,1.0,0.0,0.0,0.0,0.0,0.0,0.0,0.0,0.0,0.0,1.0
59150619,4.0,2.67,3,1.0,0.0,0.0,0.0,0.0,1.0,0.0,0.0,1.0,0.0,1.0
59150620,2.0,2.0,1,1.0,0.0,0.0,0.0,0.0,0.0,0.0,0.0,0.0,0.0,1.0
59150621,2.0,2.0,1,1.0,0.0,0.0,0.0,0.0,0.0,0.0,0.0,0.0,0.0,1.0
59150622,8.0,5.0,2,1.0,0.0,1.0,1.0,1.0,0.0,1.0,1.0,1.0,0.0,1.0
59150623,2.0,2.0,1,1.0,0.0,0.0,0.0,0.0,0.0,0.0,0.0,0.0,0.0,1.0
59150624,8.0,5.5,2,1.0,0.0,1.0,1.0,1.0,0.0,1.0,1.0,1.0,0.0,1.0
59150625,8.0,5.5,2,1.0,0.0,1.0,1.0,1.0,0.0,1.0,1.0,1.0,0.0,1.0
59150626,8.0,5.5,2,1.0,0.0,1.0,1.0,1.0,0.0,1.0,1.0,1.0,0.0,1.0
59150627,8.0,4.67,3,1.0,0.0,1.0,1.0,1.0,0.0,1.0,1.0,1.0,0.0,1.0
59150628,4.0,2.0,3,1.0,0.0,0.0,1.0,0.0,0.0,1.0,0.0,0.0,0.0,1.0
59150629,4.0,2.5,2,1.0,0.0,0.0,1.0,0.0,0.0,1.0,0.0,0.0,0.0,1.0
59150633,3.0,2.5,2,1.0,0.0,0.0,0.0,0.0,0.0,0.0,0.0,1.0,0.0,1.0
59150634,3.0,3.0,1,1.0,0.0,0.0,0.0,0.0,0.0,0.0,0.0,1.0,0.0,1.0
59150635,3.0,3.0,1,1.0,0.0,0.0,0.0,0.0,0.0,0.0,0.0,1.0,0.0,1.0
59150636,3.0,3.0,1,1.0,0.0,0.0,0.0,0.0,0.0,0.0,0.0,1.0,0.0,1.0
59150637,3.0,3.0,1,1.0,0.0,0.0,0.0,0.0,0.0,0.0,0.0,1.0,0.0,1.0
59150638,3.0,2.0,2,1.0,0.0,0.0,0.0,0.0,0.0,0.0,0.0,1.0,0.0,1.0
59150639,3.0,3.0,1,1.0,0.0,0.0,0.0,0.0,0.0,0.0,0.0,1.0,0.0,1.0
59150640,3.0,3.0,1,1.0,0.0,0.0,0.0,0.0,0.0,0.0,0.0,1.0,0.0,1.0
59150641,,,0,,,,,,,,,,,
59150642,,,0,,,,,,,,,,,
59150643,,,0,,,,,,,,,,,
59150644,,,0,,,,,,,,,,,
59150645,1.0,1.0,1,0.0,0.0,0.0,0.0,0.0,0.0,0.0,0.0,0.0,0.0,1.0
59150646,,,0,,,,,,,,,,,
59150647,,,0,,,,,,,,,,,
59150648,,,0,,,,,,,,,,,
59150649,1.0,0.5,2,0.0,0.0,0.0,0.0,0.0,0.0,0.0,0.0,0.0,0.0,1.0
59150650,4.0,4.0,1,1.0,0.0,1.0,0.0,0.0,0.0,0.0,0.0,1.0,0.0,1.0
59150651,4.0,4.0,1,1.0,0.0,1.0,0.0,0.0,0.0,0.0,0.0,1.0,0.0,1.0
59150652,4.0,4.0,1,1.0,0.0,1.0,0.0,0.0,0.0,0.0,0.0,1.0,0.0,1.0
59150653,5.0,4.5,2,1.0,0.0,1.0,0.0,0.0,1.0,0.0,0.0,1.0,0.0,1.0
59150654,5.0,4.5,2,1.0,0.0,1.0,0.0,0.0,1.0,0.0,0.0,1.0,0.0,1.0
59150655,5.0,4.5,2,1.0,0.0,1.0,0.0,0.0,1.0,0.0,0.0,1.0,0.0,1.0
59150656,,,0,,,,,,,,,,,
59150657,1.0,1.0,1,0.0,0.0,0.0,0.0,0.0,0.0,0.0,0.0,0.0,0.0,1.0
59150658,6.0,4.5,2,1.0,1.0,1.0,0.0,0.0,1.0,0.0,0.0,1.0,0.0,1.0
59150659,4.0,2.5,2,1.0,1.0,0.0,0.0,0.0,0.0,0.0,0.0,1.0,0.0,1.0
59150660,1.0,1.0,1,0.0,0.0,0.0,0.0,0.0,0.0,0.0,0.0,0.0,0.0,1.0
59150661,4.0,2.5,2,0.0,0.0,0.0,1.0,0.0,0.0,1.0,0.0,1.0,0.0,1.0
59150662,,,0,,,,,,,,,,,
59150663,7.0,5.0,2,1.0,1.0,0.0,1.0,1.0,0.0,1.0,0.0,1.0,0.0,1.0
59150664,6.0,3.0,2,1.0,1.0,0.0,1.0,1.0,0.0,0.0,0.0,1.0,0.0,1.0
59150665,6.0,6.0,1,1.0,1.0,0.0,1.0,1.0,0.0,0.0,0.0,1.0,0.0,1.0
59150666,4.0,2.0,2,0.0,0.0,0.0,1.0,0.0,0.0,1.0,0.0,1.0,0.0,1.0
59150667,6.0,4.0,2,1.0,1.0,0.0,1.0,0.0,0.0,1.0,0.0,1.0,0.0,1.0
59150668,7.0,4.0,2,1.0,1.0,0.0,1.0,1.0,0.0,1.0,0.0,1.0,0.0,1.0
59150669,7.0,4.0,3,1.0,1.0,0.0,1.0,1.0,0.0,1.0,0.0,1.0,0.0,1.0
59150670,7.0,3.0,3,1.0,1.0,0.0,1.0,1.0,0.0,1.0,0.0,1.0,0.0,1.0
59150671,9.0,4.25,4,1.0,1.0,1.0,1.0,1.0,1.0,1.0,0.0,1.0,0.0,1.0
59150672,8.0,8.0,1,1.0,0.0,1.0,1.0,1.0,0.0,1.0,1.0,1.0,0.0,1.0
59150673,10.0,5.67,3,1.0,1.0,1.0,1.0,1.0,1.0,1.0,1.0,1.0,0.0,1.0
59150674,6.0,4.33,3,1.0,1.0,1.0,0.0,0.0,1.0,0.0,0.0,1.0,0.0,1.0
59150675,5.0,4.5,2,1.0,0.0,1.0,0.0,0.0,1.0,0.0,0.0,1.0,0.0,1.0
59150676,,,0,,,,,,,,,,,
59150677,,,0,,,,,,,,,,,
59150678,2.0,2.0,1,1.0,0.0,0.0,0.0,0.0,0.0,0.0,0.0,0.0,0.0,1.0
59150679,5.0,3.5,2,1.0,0.0,1.0,0.0,0.0,0.0,0.0,0.0,1.0,1.0,1.0
59150680,5.0,3.5,2,1.0,0.0,1.0,0.0,0.0,0.0,0.0,0.0,1.0,1.0,1.0
59150681,5.0,3.5,2,1.0,0.0,1.0,0.0,0.0,0.0,0.0,0.0,1.0,1.0,1.0
59150682,5.0,2.5,2,1.0,0.0,1.0,0.0,0.0,0.0,0.0,0.0,1.0,1.0,1.0
59150683,,,0,,,,,,,,,,,
59150684,7.0,3.25,4,1.0,1.0,1.0,0.0,0.0,1.0,0.0,0.0,1.0,1.0,1.0
59150685,5.0,2.5,2,1.0,1.0,0.0,0.0,0.0,1.0,0.0,0.0,1.0,0.0,1.0
59150686,5.0,5.0,1,1.0,1.0,0.0,0.0,0.0,1.0,0.0,0.0,1.0,0.0,1.0
59150687,,,0,,,,,,,,,,,
59150688,,,0,,,,,,,,,,,
59150689,5.0,5.0,1,1.0,1.0,1.0,0.0,0.0,0.0,0.0,0.0,1.0,0.0,1.0
59150690,10.0,6.0,3,1.0,1.0,1.0,1.0,1.0,0.0,1.0,1.0,1.0,1.0,1.0
59150691,6.0,5.0,2,1.0,1.0,1.0,0.0,0.0,0.0,0.0,0.0,1.0,1.0,1.0
59150692,5.0,5.0,1,1.0,1.0,0.0,0.0,0.0,0.0,0.0,0.0,1.0,1.0,1.0
59150693,5.0,5.0,1,1.0,1.0,0.0,0.0,0.0,0.0,0.0,0.0,1.0,1.0,1.0
59150694,,,0,,,,,,,,,,,
59150695,2.0,2.0,1,1.0,1.0,0.0,0.0,0.0,0.0,0.0,0.0,0.0,0.0,0.0
59150696,,,0,,,,,,,,,,,
59150697,,,0,,,,,,,,,,,
59150698,5.0,5.0,1,1.0,1.0,0.0,0.0,0.0,1.0,0.0,0.0,1.0,0.0,1.0
59150699,5.0,5.0,1,1.0,1.0,0.0,0.0,0.0,1.0,0.0,0.0,1.0,0.0,1.0
59150700,5.0,5.0,1,1.0,1.0,0.0,0.0,0.0,1.0,0.0,0.0,1.0,0.0,1.0
59150701,5.0,2.5,2,1.0,1.0,0.0,0.0,0.0,1.0,0.0,0.0,1.0,0.0,1.0
59150702,6.0,2.67,3,1.0,1.0,0.0,0.0,0.0,1.0,0.0,0.0,1.0,1.0,1.0
59150703,5.0,5.0,1,1.0,1.0,0.0,0.0,0.0,1.0,0.0,0.0,1.0,0.0,1.0
59150704,7.0,3.25,4,1.0,1.0,1.0,0.0,0.0,1.0,0.0,0.0,1.0,1.0,1.0
59150705,5.0,2.67,3,1.0,0.0,1.0,0.0,0.0,0.0,0.0,0.0,1.0,1.0,1.0
59150706,3.0,3.0,1,1.0,0.0,0.0,0.0,0.0,0.0,0.0,0.0,0.0,1.0,1.0
59150707,3.0,3.0,1,1.0,0.0,0.0,0.0,0.0,0.0,0.0,0.0,0.0,1.0,1.0
59150708,7.0,5.0,2,1.0,1.0,1.0,0.0,0.0,1.0,0.0,0.0,1.0,1.0,1.0
59150709,4.0,3.5,2,1.0,0.0,0.0,0.0,0.0,0.0,0.0,0.0,1.0,1.0,1.0
59150710,7.0,4.67,3,1.0,1.0,1.0,0.0,0.0,1.0,0.0,0.0,1.0,1.0,1.0
59150711,4.0,4.0,1,1.0,0.0,0.0,0.0,0.0,0.0,0.0,0.0,1.0,1.0,1.0
59150712,4.0,3.5,2,1.0,0.0,0.0,0.0,0.0,0.0,0.0,0.0,1.0,1.0,1.0
59150713,4.0,4.0,1,1.0,0.0,0.0,0.0,0.0,0.0,0.0,0.0,1.0,1.0,1.0
59150714,3.0,3.0,1,1.0,0.0,0.0,0.0,0.0,0.0,0.0,0.0,0.0,1.0,1.0
59150715,5.0,3.67,3,1.0,1.0,0.0,0.0,0.0,0.0,0.0,0.0,1.0,1.0,1.0
59150716,4.0,3.5,2,1.0,0.0,0.0,0.0,0.0,0.0,0.0,0.0,1.0,1.0,1.0
59150717,5.0,3.5,2,1.0,1.0,0.0,0.0,0.0,0.0,0.0,0.0,1.0,1.0,1.0
59150718,5.0,3.5,2,1.0,1.0,0.0,0.0,0.0,0.0,0.0,0.0,1.0,1.0,1.0
59150719,5.0,3.5,2,1.0,1.0,0.0,0.0,0.0,0.0,0.0,0.0,1.0,1.0,1.0
59150720,5.0,3.5,2,1.0,1.0,0.0,0.0,0.0,0.0,0.0,0.0,1.0,1.0,1.0
59150721,5.0,4.0,2,1.0,1.0,0.0,0.0,0.0,0.0,0.0,0.0,1.0,1.0,1.0
59150722,5.0,3.67,3,1.0,1.0,0.0,0.0,0.0,0.0,0.0,0.0,1.0,1.0,1.0
59150723,5.0,3.67,3,1.0,1.0,0.0,0.0,0.0,0.0,0.0,0.0,1.0,1.0,1.0
59150724,5.0,3.5,2,1.0,1.0,0.0,0.0,0.0,0.0,0.0,0.0,1.0,1.0,1.0
59150725,7.0,7.0,1,1.0,1.0,1.0,0.0,0.0,1.0,0.0,0.0,1.0,1.0,1.0
59150726,7.0,5.0,2,1.0,1.0,1.0,0.0,0.0,1.0,0.0,0.0,1.0,1.0,1.0
59150727,7.0,7.0,1,1.0,1.0,1.0,0.0,0.0,1.0,0.0,0.0,1.0,1.0,1.0
59150728,7.0,5.0,2,1.0,1.0,1.0,0.0,0.0,1.0,0.0,0.0,1.0,1.0,1.0
59150729,7.0,7.0,1,1.0,1.0,1.0,0.0,0.0,1.0,0.0,0.0,1.0,1.0,1.0
59150730,5.0,5.0,1,1.0,1.0,0.0,0.0,0.0,1.0,0.0,0.0,1.0,0.0,1.0
59150731,4.0,4.0,1,1.0,0.0,1.0,0.0,0.0,0.0,0.0,0.0,1.0,0.0,1.0
59150732,4.0,4.0,1,1.0,0.0,1.0,0.0,0.0,0.0,0.0,0.0,1.0,0.0,1.0
59150733,4.0,4.0,1,1.0,0.0,1.0,0.0,0.0,0.0,0.0,0.0,1.0,0.0,1.0
59150734,,,0,,,,,,,,,,,
59150737,3.0,3.0,1,1.0,0.0,0.0,0.0,0.0,0.0,0.0,1.0,0.0,0.0,1.0
59150738,7.0,4.5,2,1.0,1.0,1.0,0.0,1.0,0.0,0.0,1.0,1.0,0.0,1.0
59150739,7.0,4.5,2,1.0,1.0,1.0,0.0,1.0,0.0,0.0,1.0,1.0,0.0,1.0
59150740,7.0,4.0,3,1.0,1.0,1.0,0.0,1.0,0.0,0.0,0.0,1.0,1.0,1.0
59150741,7.0,4.0,3,1.0,1.0,1.0,0.0,1.0,0.0,0.0,0.0,1.0,1.0,1.0
59150742,7.0,3.5,4,1.0,1.0,1.0,0.0,1.0,0.0,0.0,0.0,1.0,1.0,1.0
59150743,5.0,3.0,2,1.0,0.0,1.0,0.0,0.0,0.0,0.0,0.0,1.0,1.0,1.0
59150744,6.0,3.33,3,1.0,1.0,1.0,0.0,0.0,0.0,0.0,0.0,1.0,1.0,1.0
59150745,5.0,3.5,2,1.0,0.0,0.0,0.0,0.0,0.0,0.0,1.0,1.0,1.0,1.0
59150746,7.0,7.0,1,1.0,1.0,1.0,0.0,0.0,1.0,0.0,0.0,1.0,1.0,1.0
59150747,6.0,3.33,3,1.0,1.0,1.0,0.0,0.0,0.0,0.0,0.0,1.0,1.0,1.0
59150748,6.0,3.0,4,1.0,1.0,1.0,0.0,0.0,0.0,0.0,0.0,1.0,1.0,1.0
59150749,4.0,2.67,3,1.0,0.0,0.0,0.0,0.0,0.0,0.0,0.0,1.0,1.0,1.0
59150750,4.0,2.67,3,1.0,0.0,0.0,0.0,0.0,0.0,0.0,0.0,1.0,1.0,1.0
59150751,10.0,4.14,7,1.0,1.0,1.0,1.0,1.0,1.0,1.0,0.0,1.0,1.0,1.0
59150752,8.0,4.25,4,1.0,1.0,1.0,0.0,1.0,1.0,0.0,0.0,1.0,1.0,1.0
59150753,8.0,4.25,4,1.0,1.0,1.0,0.0,1.0,1.0,0.0,0.0,1.0,1.0,1.0
59150754,8.0,4.33,3,1.0,1.0,1.0,0.0,1.0,1.0,0.0,0.0,1.0,1.0,1.0
59150755,,,0,,,,,,,,,,,
59150756,4.0,2.5,2,1.0,1.0,0.0,0.0,0.0,0.0,0.0,0.0,1.0,0.0,1.0
59150757,6.0,2.67,3,1.0,1.0,1.0,0.0,1.0,0.0,0.0,0.0,1.0,0.0,1.0
59150758,5.0,5.0,1,1.0,1.0,1.0,0.0,0.0,0.0,0.0,0.0,1.0,0.0,1.0
59150759,5.0,3.0,2,1.0,1.0,1.0,0.0,0.0,0.0,0.0,0.0,1.0,0.0,1.0
59150760,5.0,5.0,1,1.0,1.0,1.0,0.0,0.0,0.0,0.0,0.0,1.0,0.0,1.0
59150761,6.0,3.5,2,1.0,1.0,1.0,0.0,0.0,0.0,1.0,0.0,1.0,0.0,1.0
59150762,6.0,3.5,2,1.0,1.0,1.0,0.0,0.0,0.0,1.0,0.0,1.0,0.0,1.0
59150763,6.0,3.5,2,1.0,1.0,1.0,0.0,0.0,0.0,1.0,0.0,1.0,0.0,1.0
59150777,4.0,3.0,2,1.0,0.0,0.0,0.0,0.0,1.0,0.0,0.0,1.0,0.0,1.0
59150779,6.0,4.0,2,1.0,0.0,0.0,1.0,1.0,0.0,1.0,0.0,1.0,0.0,1.0
59150782,,,0,,,,,,,,,,,
59150784,6.0,6.0,1,1.0,0.0,0.0,1.0,1.0,0.0,1.0,0.0,1.0,0.0,1.0
59150785,7.0,4.5,4,1.0,0.0,1.0,1.0,1.0,0.0,1.0,0.0,1.0,0.0,1.0
59150786,7.0,5.67,3,1.0,0.0,1.0,1.0,1.0,0.0,1.0,0.0,1.0,0.0,1.0
59150787,7.0,5.67,3,1.0,0.0,1.0,1.0,1.0,0.0,1.0,0.0,1.0,0.0,1.0
59150788,7.0,6.0,2,1.0,0.0,1.0,1.0,1.0,0.0,1.0,0.0,1.0,0.0,1.0
59150790,7.0,4.33,3,1.0,1.0,0.0,1.0,1.0,0.0,1.0,0.0,1.0,0.0,1.0
59150791,7.0,4.0,2,1.0,1.0,0.0,1.0,1.0,0.0,1.0,0.0,1.0,0.0,1.0
59150792,7.0,4.0,2,1.0,1.0,0.0,1.0,1.0,0.0,1.0,0.0,1.0,0.0,1.0
59150793,7.0,7.0,1,1.0,1.0,0.0,1.0,1.0,0.0,1.0,0.0,1.0,0.0,1.0
59150795,5.0,5.0,1,1.0,0.0,0.0,0.0,1.0,0.0,0.0,0.0,1.0,1.0,1.0
59150816,5.0,3.5,2,1.0,0.0,0.0,0.0,1.0,0.0,0.0,0.0,1.0,1.0,1.0
59150817,5.0,5.0,1,1.0,0.0,0.0,1.0,0.0,0.0,1.0,0.0,1.0,0.0,1.0
59150819,5.0,5.0,1,1.0,0.0,0.0,1.0,0.0,0.0,1.0,0.0,1.0,0.0,1.0
59150820,5.0,4.0,2,1.0,0.0,0.0,1.0,0.0,0.0,1.0,0.0,1.0,0.0,1.0
59150821,7.0,6.0,2,1.0,1.0,0.0,1.0,1.0,0.0,1.0,0.0,1.0,0.0,1.0
59150822,5.0,5.0,1,1.0,0.0,0.0,1.0,0.0,0.0,1.0,0.0,1.0,0.0,1.0
59150823,5.0,5.0,1,1.0,0.0,0.0,0.0,1.0,0.0,0.0,0.0,1.0,1.0,1.0
59150824,7.0,6.0,2,1.0,1.0,0.0,1.0,1.0,0.0,1.0,0.0,1.0,0.0,1.0
59150827,7.0,6.0,2,1.0,1.0,0.0,1.0,1.0,0.0,1.0,0.0,1.0,0.0,1.0
59150828,5.0,4.0,2,1.0,0.0,0.0,1.0,0.0,0.0,1.0,0.0,1.0,0.0,1.0
59150831,5.0,4.0,2,1.0,0.0,0.0,1.0,0.0,0.0,1.0,0.0,1.0,0.0,1.0
59150832,5.0,3.0,3,1.0,0.0,0.0,1.0,0.0,0.0,1.0,0.0,1.0,0.0,1.0
59150837,2.0,2.0,1,1.0,0.0,0.0,0.0,0.0,0.0,0.0,0.0,0.0,0.0,1.0
59150840,2.0,2.0,1,1.0,0.0,0.0,0.0,0.0,0.0,0.0,0.0,0.0,0.0,1.0
59150841,2.0,2.0,1,1.0,0.0,0.0,0.0,0.0,0.0,0.0,0.0,0.0,0.0,1.0
59150845,2.0,2.0,1,1.0,0.0,0.0,0.0,0.0,0.0,0.0,0.0,0.0,0.0,1.0
59150846,2.0,2.0,1,1.0,0.0,0.0,0.0,0.0,0.0,0.0,0.0,0.0,0.0,1.0
59150850,6.0,2.75,4,1.0,0.0,0.0,1.0,0.0,1.0,1.0,0.0,1.0,0.0,1.0
59150859,8.0,4.67,3,1.0,0.0,1.0,1.0,0.0,1.0,1.0,1.0,1.0,0.0,1.0
59150861,8.0,4.25,4,1.0,0.0,1.0,1.0,0.0,1.0,1.0,1.0,1.0,0.0,1.0
59150863,8.0,4.25,4,1.0,0.0,1.0,1.0,0.0,1.0,1.0,1.0,1.0,0.0,1.0
59150864,8.0,4.67,3,1.0,0.0,1.0,1.0,0.0,1.0,1.0,1.0,1.0,0.0,1.0
59150865,5.0,3.0,3,1.0,0.0,0.0,1.0,0.0,0.0,1.0,0.0,1.0,0.0,1.0
59150866,1.0,1.0,1,0.0,0.0,0.0,0.0,0.0,0.0,1.0,0.0,0.0,0.0,0.0
59150871,8.0,4.5,4,1.0,0.0,1.0,1.0,1.0,0.0,1.0,1.0,1.0,0.0,1.0
59150872,8.0,4.5,4,1.0,0.0,1.0,1.0,1.0,0.0,1.0,1.0,1.0,0.0,1.0
59150873,8.0,4.5,4,1.0,0.0,1.0,1.0,1.0,0.0,1.0,1.0,1.0,0.0,1.0
59150874,8.0,5.5,2,1.0,0.0,1.0,1.0,1.0,0.0,1.0,1.0,1.0,0.0,1.0
59150875,8.0,8.0,1,1.0,0.0,1.0,1.0,1.0,0.0,1.0,1.0,1.0,0.0,1.0
59150876,8.0,8.0,1,1.0,0.0,1.0,1.0,1.0,0.0,1.0,1.0,1.0,0.0,1.0
59150877,8.0,8.0,1,1.0,0.0,1.0,1.0,1.0,0.0,1.0,1.0,1.0,0.0,1.0
59150878,8.0,8.0,1,1.0,0.0,1.0,1.0,1.0,0.0,1.0,1.0,1.0,0.0,1.0
59150879,,,0,,,,,,,,,,,
59150880,,,0,,,,,,,,,,,
59150881,8.0,3.0,5,1.0,0.0,1.0,1.0,1.0,0.0,1.0,1.0,1.0,0.0,1.0
59150882,8.0,2.83,6,1.0,0.0,1.0,1.0,1.0,0.0,1.0,1.0,1.0,0.0,1.0
59150883,9.0,3.22,9,1.0,1.0,1.0,1.0,1.0,0.0,1.0,1.0,1.0,0.0,1.0
59150884,8.0,3.25,4,1.0,0.0,1.0,1.0,1.0,0.0,1.0,1.0,1.0,0.0,1.0
59150885,7.0,5.33,3,1.0,1.0,0.0,1.0,0.0,0.0,1.0,1.0,1.0,0.0,1.0
59150886,9.0,7.0,2,1.0,1.0,1.0,1.0,0.0,1.0,1.0,1.0,1.0,0.0,1.0
59150887,7.0,7.0,1,1.0,1.0,1.0,0.0,0.0,1.0,1.0,0.0,1.0,0.0,1.0
59150888,,,0,,,,,,,,,,,
59150889,5.0,5.0,1,0.0,0.0,0.0,1.0,0.0,0.0,1.0,1.0,1.0,0.0,1.0
59150890,5.0,5.0,1,0.0,0.0,0.0,1.0,0.0,0.0,1.0,1.0,1.0,0.0,1.0
59150891,5.0,5.0,1,0.0,0.0,0.0,1.0,0.0,0.0,1.0,1.0,1.0,0.0,1.0
59150892,3.0,3.0,1,1.0,0.0,1.0,0.0,0.0,0.0,0.0,0.0,0.0,0.0,1.0
59150893,5.0,5.0,1,0.0,0.0,0.0,1.0,0.0,0.0,1.0,1.0,1.0,0.0,1.0
59150894,3.0,1.5,2,1.0,0.0,1.0,0.0,0.0,0.0,0.0,0.0,0.0,0.0,1.0
59150895,5.0,5.0,1,0.0,0.0,0.0,1.0,0.0,0.0,1.0,1.0,1.0,0.0,1.0
59150896,,,0,,,,,,,,,,,
59150897,0.0,0.0,2,0.0,0.0,0.0,0.0,0.0,0.0,0.0,0.0,0.0,0.0,0.0
59150898,0.0,0.0,1,0.0,0.0,0.0,0.0,0.0,0.0,0.0,0.0,0.0,0.0,0.0
59150899,6.0,4.5,2,1.0,1.0,1.0,0.0,0.0,1.0,0.0,0.0,1.0,0.0,1.0
59150900,6.0,6.0,1,1.0,1.0,0.0,0.0,1.0,1.0,0.0,0.0,1.0,0.0,1.0
59150901,6.0,6.0,1,1.0,1.0,0.0,0.0,1.0,1.0,0.0,0.0,1.0,0.0,1.0
59150902,7.0,5.0,2,1.0,1.0,1.0,0.0,1.0,1.0,0.0,0.0,1.0,0.0,1.0
59150903,4.0,4.0,1,1.0,1.0,1.0,0.0,0.0,0.0,0.0,0.0,1.0,0.0,0.0
59150904,7.0,5.0,2,1.0,1.0,1.0,0.0,1.0,1.0,0.0,0.0,1.0,0.0,1.0
59150905,4.0,4.0,1,1.0,1.0,1.0,0.0,0.0,0.0,0.0,0.0,1.0,0.0,0.0
59150906,,,0,,,,,,,,,,,
59150907,,,0,,,,,,,,,,,
59150908,0.0,0.0,1,0.0,0.0,0.0,0.0,0.0,0.0,0.0,0.0,0.0,0.0,0.0
59150909,1.0,1.0,1,0.0,0.0,0.0,0.0,0.0,0.0,0.0,0.0,1.0,0.0,0.0
59150910,5.0,3.0,2,0.0,0.0,0.0,1.0,0.0,0.0,1.0,1.0,1.0,0.0,1.0
59150911,5.0,3.0,2,0.0,0.0,0.0,1.0,0.0,0.0,1.0,1.0,1.0,0.0,1.0
59150912,5.0,3.0,2,0.0,0.0,0.0,1.0,0.0,0.0,1.0,1.0,1.0,0.0,1.0
59150913,8.0,3.33,3,1.0,1.0,1.0,1.0,0.0,0.0,1.0,1.0,1.0,0.0,1.0
59150914,8.0,4.5,2,1.0,1.0,1.0,1.0,0.0,0.0,1.0,1.0,1.0,0.0,1.0
59150915,5.0,5.0,1,0.0,0.0,0.0,1.0,0.0,0.0,1.0,1.0,1.0,0.0,1.0
59150916,9.0,4.67,3,1.0,1.0,1.0,1.0,0.0,1.0,1.0,1.0,1.0,0.0,1.0
59150917,9.0,4.67,3,1.0,1.0,1.0,1.0,0.0,1.0,1.0,1.0,1.0,0.0,1.0
59150918,8.0,5.0,2,1.0,1.0,0.0,1.0,0.0,1.0,1.0,1.0,1.0,0.0,1.0
59150919,8.0,5.0,2,1.0,1.0,0.0,1.0,0.0,1.0,1.0,1.0,1.0,0.0,1.0
59150920,8.0,5.0,2,1.0,1.0,0.0,1.0,0.0,1.0,1.0,1.0,1.0,0.0,1.0
59150922,5.0,5.0,1,0.0,0.0,0.0,1.0,0.0,0.0,1.0,1.0,1.0,0.0,1.0
59150923,5.0,5.0,1,0.0,0.0,0.0,1.0,0.0,0.0,1.0,1.0,1.0,0.0,1.0
59150924,5.0,5.0,1,0.0,0.0,0.0,1.0,0.0,0.0,1.0,1.0,1.0,0.0,1.0
59150925,9.0,6.0,2,1.0,1.0,1.0,1.0,0.0,1.0,1.0,1.0,1.0,0.0,1.0
59150926,7.0,7.0,1,1.0,1.0,1.0,0.0,0.0,1.0,1.0,0.0,1.0,0.0,1.0
59150927,9.0,6.0,2,1.0,1.0,1.0,1.0,0.0,1.0,1.0,1.0,1.0,0.0,1.0
59150928,5.0,5.0,1,0.0,0.0,0.0,1.0,0.0,0.0,1.0,1.0,1.0,0.0,1.0
59150929,7.0,7.0,1,1.0,1.0,1.0,0.0,0.0,1.0,1.0,0.0,1.0,0.0,1.0
59150930,7.0,4.0,2,1.0,1.0,1.0,0.0,0.0,1.0,1.0,0.0,1.0,0.0,1.0
59150931,9.0,6.67,3,1.0,1.0,1.0,1.0,0.0,1.0,1.0,1.0,1.0,0.0,1.0
59150932,7.0,4.67,3,1.0,1.0,0.0,1.0,0.0,0.0,1.0,1.0,1.0,0.0,1.0
59150933,6.0,3.5,2,1.0,0.0,0.0,1.0,0.0,0.0,1.0,1.0,1.0,0.0,1.0
59150934,7.0,4.33,3,1.0,0.0,0.0,1.0,1.0,0.0,1.0,1.0,1.0,0.0,1.0
59150935,1.0,1.0,1,1.0,0.0,0.0,0.0,0.0,0.0,0.0,0.0,0.0,0.0,0.0
59150953,2.0,1.0,2,0.0,0.0,0.0,0.0,0.0,0.0,1.0,0.0,0.0,0.0,1.0
59150954,0.0,0.0,2,0.0,0.0,0.0,0.0,0.0,0.0,0.0,0.0,0.0,0.0,0.0
59150955,3.0,1.5,2,0.0,1.0,0.0,0.0,0.0,0.0,0.0,0.0,1.0,0.0,1.0
59150956,0.0,0.0,1,0.0,0.0,0.0,0.0,0.0,0.0,0.0,0.0,0.0,0.0,0.0
59150957,,,0,,,,,,,,,,,
59150958,,,0,,,,,,,,,,,
59150959,,,0,,,,,,,,,,,
59150960,6.0,6.0,1,1.0,1.0,0.0,0.0,1.0,1.0,0.0,0.0,1.0,0.0,1.0
59150961,6.0,6.0,1,1.0,1.0,0.0,0.0,1.0,1.0,0.0,0.0,1.0,0.0,1.0
59150962,6.0,3.0,2,1.0,1.0,0.0,0.0,1.0,1.0,0.0,0.0,1.0,0.0,1.0
59150963,6.0,6.0,1,1.0,1.0,0.0,0.0,1.0,1.0,0.0,0.0,1.0,0.0,1.0
59150964,3.0,3.0,1,1.0,1.0,0.0,0.0,0.0,0.0,0.0,0.0,1.0,0.0,0.0
59150965,3.0,1.5,2,1.0,1.0,0.0,0.0,0.0,0.0,0.0,0.0,1.0,0.0,0.0
59150966,4.0,3.5,2,1.0,1.0,0.0,0.0,0.0,0.0,0.0,0.0,1.0,0.0,1.0
59150967,4.0,4.0,1,1.0,1.0,0.0,0.0,0.0,0.0,0.0,0.0,1.0,0.0,1.0
59150968,4.0,4.0,1,1.0,1.0,0.0,0.0,0.0,0.0,0.0,0.0,1.0,0.0,1.0
59150969,4.0,2.0,2,1.0,1.0,0.0,0.0,0.0,0.0,0.0,0.0,1.0,0.0,1.0
59150970,0.0,0.0,1,0.0,0.0,0.0,0.0,0.0,0.0,0.0,0.0,0.0,0.0,0.0
59150971,6.0,6.0,1,1.0,1.0,0.0,0.0,1.0,1.0,0.0,0.0,1.0,0.0,1.0
59150972,0.0,0.0,1,0.0,0.0,0.0,0.0,0.0,0.0,0.0,0.0,0.0,0.0,0.0
59150973,3.0,1.5,2,1.0,0.0,1.0,0.0,0.0,0.0,0.0,0.0,0.0,0.0,1.0
59150974,3.0,1.5,2,1.0,0.0,1.0,0.0,0.0,0.0,0.0,0.0,0.0,0.0,1.0
59150975,3.0,3.0,1,1.0,0.0,1.0,0.0,0.0,0.0,0.0,0.0,0.0,0.0,1.0
59150976,3.0,3.0,1,1.0,0.0,1.0,0.0,0.0,0.0,0.0,0.0,0.0,0.0,1.0
59150977,3.0,3.0,1,1.0,0.0,1.0,0.0,0.0,0.0,0.0,0.0,0.0,0.0,1.0
59150978,6.0,3.0,2,1.0,1.0,0.0,0.0,1.0,1.0,0.0,0.0,1.0,0.0,1.0
59150979,0.0,0.0,2,0.0,0.0,0.0,0.0,0.0,0.0,0.0,0.0,0.0,0.0,0.0
59150980,0.0,0.0,1,0.0,0.0,0.0,0.0,0.0,0.0,0.0,0.0,0.0,0.0,0.0
59150981,0.0,0.0,1,0.0,0.0,0.0,0.0,0.0,0.0,0.0,0.0,0.0,0.0,0.0
59150982,3.0,3.0,1,0.0,1.0,0.0,0.0,0.0,0.0,0.0,0.0,1.0,0.0,1.0
59150983,0.0,0.0,1,0.0,0.0,0.0,0.0,0.0,0.0,0.0,0.0,0.0,0.0,0.0
59150984,6.0,6.0,1,1.0,1.0,0.0,0.0,0.0,1.0,0.0,1.0,1.0,0.0,1.0
59150985,6.0,6.0,1,1.0,1.0,0.0,0.0,0.0,1.0,0.0,1.0,1.0,0.0,1.0
59150986,,,0,,,,,,,,,,,
59150987,6.0,3.0,3,1.0,0.0,1.0,0.0,1.0,0.0,1.0,0.0,1.0,0.0,1.0
59151198,3.0,3.0,1,1.0,0.0,0.0,0.0,1.0,0.0,0.0,1.0,0.0,0.0,0.0
59151199,3.0,3.0,1,1.0,0.0,0.0,0.0,1.0,0.0,0.0,1.0,0.0,0.0,0.0
59151200,3.0,1.5,2,1.0,0.0,0.0,0.0,1.0,0.0,0.0,1.0,0.0,0.0,0.0
59151201,3.0,1.5,2,1.0,0.0,0.0,0.0,1.0,0.0,0.0,1.0,0.0,0.0,0.0
59151202,0.0,0.0,1,0.0,0.0,0.0,0.0,0.0,0.0,0.0,0.0,0.0,0.0,0.0
59151203,4.0,2.0,2,1.0,1.0,0.0,0.0,0.0,1.0,0.0,0.0,1.0,0.0,0.0
59151204,0.0,0.0,1,0.0,0.0,0.0,0.0,0.0,0.0,0.0,0.0,0.0,0.0,0.0
59151205,,,0,,,,,,,,,,,
59151206,4.0,2.0,2,1.0,1.0,0.0,0.0,0.0,1.0,0.0,0.0,1.0,0.0,0.0
59151207,3.0,3.0,1,1.0,0.0,0.0,0.0,1.0,0.0,0.0,1.0,0.0,0.0,0.0
59151208,,,0,,,,,,,,,,,
59151209,,,0,,,,,,,,,,,
59151211,5.0,2.5,2,1.0,1.0,1.0,0.0,0.0,1.0,0.0,0.0,1.0,0.0,0.0
59151213,,,0,,,,,,,,,,,
59151214,5.0,5.0,1,1.0,0.0,0.0,1.0,0.0,0.0,1.0,1.0,1.0,0.0,0.0
59151215,5.0,5.0,1,1.0,0.0,0.0,1.0,0.0,0.0,1.0,1.0,1.0,0.0,0.0
59151216,5.0,5.0,1,1.0,0.0,0.0,1.0,0.0,0.0,1.0,1.0,1.0,0.0,0.0
59151217,5.0,5.0,1,1.0,0.0,0.0,1.0,0.0,0.0,1.0,1.0,1.0,0.0,0.0
59151219,0.0,0.0,1,0.0,0.0,0.0,0.0,0.0,0.0,0.0,0.0,0.0,0.0,0.0
59151220,,,0,,,,,,,,,,,
59151221,,,0,,,,,,,,,,,
59151222,,,0,,,,,,,,,,,
59151223,5.0,5.0,1,1.0,1.0,0.0,0.0,1.0,0.0,0.0,0.0,1.0,0.0,1.0
59151224,6.0,3.0,2,1.0,1.0,1.0,0.0,1.0,0.0,0.0,0.0,1.0,0.0,1.0
59151225,5.0,5.0,1,1.0,1.0,0.0,0.0,1.0,0.0,0.0,0.0,1.0,0.0,1.0
59151226,5.0,2.33,3,1.0,1.0,1.0,0.0,0.0,0.0,0.0,0.0,1.0,0.0,1.0
59151227,,,0,,,,,,,,,,,
59151228,4.0,2.0,2,1.0,0.0,1.0,0.0,0.0,0.0,0.0,0.0,1.0,0.0,1.0
59151229,9.0,6.0,2,1.0,1.0,1.0,1.0,0.0,1.0,1.0,1.0,1.0,0.0,1.0
59151230,9.0,6.0,2,1.0,1.0,1.0,1.0,0.0,1.0,1.0,1.0,1.0,0.0,1.0
59151231,3.0,3.0,1,1.0,0.0,0.0,0.0,0.0,0.0,0.0,0.0,1.0,0.0,1.0
59151234,,,0,,,,,,,,,,,
59151236,,,0,,,,,,,,,,,
59151351,,,0,,,,,,,,,,,
59151352,1.0,1.0,1,0.0,0.0,1.0,0.0,0.0,0.0,0.0,0.0,0.0,0.0,0.0
59151353,4.0,1.75,4,1.0,1.0,1.0,0.0,0.0,0.0,0.0,0.0,0.0,0.0,1.0
59151354,4.0,2.33,3,1.0,1.0,1.0,0.0,0.0,0.0,0.0,0.0,0.0,0.0,1.0
59151355,2.0,1.5,2,1.0,0.0,0.0,0.0,0.0,0.0,0.0,0.0,0.0,0.0,1.0
59151356,2.0,2.0,1,1.0,0.0,0.0,0.0,0.0,0.0,0.0,0.0,0.0,0.0,1.0
59151357,2.0,1.5,2,1.0,0.0,0.0,0.0,0.0,0.0,0.0,0.0,0.0,0.0,1.0
59151358,4.0,4.0,1,1.0,1.0,1.0,0.0,0.0,0.0,0.0,0.0,1.0,0.0,0.0
59151359,,,0,,,,,,,,,,,
59151360,0.0,0.0,1,0.0,0.0,0.0,0.0,0.0,0.0,0.0,0.0,0.0,0.0,0.0
59151361,0.0,0.0,1,0.0,0.0,0.0,0.0,0.0,0.0,0.0,0.0,0.0,0.0,0.0
59151362,,,0,,,,,,,,,,,
59151363,6.0,3.0,2,1.0,1.0,0.0,1.0,1.0,0.0,0.0,0.0,1.0,0.0,1.0
59151364,6.0,3.0,2,1.0,1.0,0.0,1.0,1.0,0.0,0.0,0.0,1.0,0.0,1.0
59151365,6.0,6.0,1,1.0,1.0,0.0,1.0,1.0,0.0,0.0,0.0,1.0,0.0,1.0
59151366,6.0,3.0,2,1.0,1.0,0.0,1.0,1.0,0.0,0.0,0.0,1.0,0.0,1.0
59151367,6.0,4.5,2,1.0,1.0,0.0,1.0,1.0,0.0,0.0,0.0,1.0,0.0,1.0
59151368,6.0,4.5,2,1.0,1.0,0.0,1.0,1.0,0.0,0.0,0.0,1.0,0.0,1.0
59151369,3.0,3.0,1,1.0,0.0,0.0,0.0,0.0,0.0,0.0,0.0,1.0,0.0,1.0
59151370,,,0,,,,,,,,,,,
59151371,3.0,3.0,1,1.0,0.0,0.0,0.0,0.0,0.0,0.0,0.0,1.0,0.0,1.0
59151372,3.0,2.0,2,1.0,0.0,0.0,0.0,0.0,0.0,0.0,0.0,1.0,0.0,1.0
59151373,4.0,3.0,2,1.0,0.0,0.0,0.0,0.0,0.0,0.0,1.0,1.0,0.0,1.0
59151407,5.0,3.0,3,1.0,1.0,0.0,0.0,0.0,1.0,0.0,0.0,1.0,0.0,1.0
59151408,4.0,4.0,1,1.0,1.0,0.0,0.0,0.0,1.0,0.0,0.0,1.0,0.0,0.0
59151409,4.0,4.0,1,1.0,1.0,0.0,0.0,0.0,1.0,0.0,0.0,1.0,0.0,0.0
59151410,4.0,4.0,1,1.0,1.0,0.0,0.0,0.0,1.0,0.0,0.0,1.0,0.0,0.0
59151411,4.0,4.0,1,1.0,1.0,0.0,0.0,0.0,1.0,0.0,0.0,1.0,0.0,0.0
59151412,4.0,4.0,1,1.0,1.0,0.0,0.0,0.0,1.0,0.0,0.0,1.0,0.0,0.0
59151413,3.0,3.0,1,1.0,0.0,1.0,0.0,0.0,0.0,0.0,0.0,1.0,0.0,0.0
59151414,5.0,3.5,2,1.0,1.0,1.0,0.0,0.0,1.0,0.0,0.0,1.0,0.0,0.0
59151415,5.0,4.0,2,1.0,1.0,1.0,0.0,0.0,1.0,0.0,0.0,1.0,0.0,0.0
59151416,5.0,4.0,2,1.0,1.0,1.0,0.0,0.0,1.0,0.0,0.0,1.0,0.0,0.0
59151417,3.0,3.0,1,1.0,0.0,1.0,0.0,0.0,0.0,0.0,0.0,1.0,0.0,0.0
59151418,3.0,3.0,1,1.0,0.0,1.0,0.0,0.0,0.0,0.0,0.0,1.0,0.0,0.0
59151419,3.0,3.0,1,1.0,0.0,1.0,0.0,0.0,0.0,0.0,0.0,1.0,0.0,0.0
59151420,5.0,4.0,2,1.0,1.0,1.0,0.0,0.0,1.0,0.0,0.0,1.0,0.0,0.0
59151423,,,0,,,,,,,,,,,
59151424,9.0,9.0,1,1.0,1.0,1.0,1.0,1.0,0.0,1.0,1.0,1.0,0.0,1.0
59151425,10.0,6.5,2,1.0,1.0,1.0,1.0,1.0,0.0,1.0,1.0,1.0,1.0,1.0
59151426,9.0,9.0,1,1.0,1.0,1.0,1.0,1.0,0.0,1.0,1.0,1.0,0.0,1.0
59151427,9.0,9.0,1,1.0,1.0,1.0,1.0,1.0,0.0,1.0,1.0,1.0,0.0,1.0
59151428,6.0,6.0,1,1.0,1.0,1.0,0.0,0.0,0.0,0.0,0.0,1.0,1.0,1.0
59151429,7.0,6.0,2,1.0,1.0,1.0,0.0,0.0,1.0,0.0,0.0,1.0,1.0,1.0
59151430,6.0,6.0,1,1.0,1.0,1.0,0.0,0.0,1.0,0.0,0.0,1.0,0.0,1.0
59151432,6.0,5.5,2,1.0,1.0,1.0,0.0,0.0,1.0,0.0,0.0,1.0,0.0,1.0
59151433,6.0,4.67,3,1.0,1.0,1.0,0.0,0.0,1.0,0.0,0.0,1.0,0.0,1.0
59151434,6.0,4.67,3,1.0,1.0,1.0,0.0,0.0,1.0,0.0,0.0,1.0,0.0,1.0
59151435,7.0,5.0,3,1.0,1.0,1.0,0.0,0.0,1.0,0.0,0.0,1.0,1.0,1.0
59151436,7.0,5.0,3,1.0,1.0,1.0,0.0,0.0,1.0,0.0,0.0,1.0,1.0,1.0
59151437,7.0,6.0,2,1.0,1.0,1.0,0.0,0.0,1.0,0.0,0.0,1.0,1.0,1.0
59151438,6.0,4.5,2,1.0,1.0,1.0,0.0,0.0,0.0,0.0,0.0,1.0,1.0,1.0
59151439,5.0,3.5,2,1.0,1.0,1.0,0.0,0.0,0.0,0.0,0.0,1.0,1.0,0.0
59151440,4.0,4.0,1,1.0,1.0,0.0,0.0,0.0,0.0,0.0,0.0,1.0,1.0,0.0
59151441,7.0,5.0,2,1.0,1.0,0.0,1.0,1.0,0.0,0.0,0.0,1.0,1.0,1.0
59151442,6.0,6.0,1,1.0,1.0,0.0,1.0,1.0,0.0,0.0,0.0,1.0,0.0,1.0
59151443,3.0,3.0,1,1.0,0.0,0.0,0.0,0.0,0.0,0.0,0.0,1.0,0.0,1.0
59151444,3.0,3.0,1,1.0,0.0,0.0,0.0,0.0,0.0,0.0,0.0,1.0,0.0,1.0
59151448,6.0,3.0,2,1.0,1.0,0.0,1.0,1.0,0.0,0.0,0.0,1.0,0.0,1.0
59151449,6.0,3.0,2,1.0,1.0,0.0,1.0,1.0,0.0,0.0,0.0,1.0,0.0,1.0
59151450,6.0,3.0,2,1.0,0.0,1.0,0.0,0.0,1.0,0.0,0.0,1.0,1.0,1.0
59151451,6.0,3.0,2,1.0,0.0,1.0,0.0,0.0,1.0,0.0,0.0,1.0,1.0,1.0
59151452,6.0,3.0,2,1.0,0.0,1.0,0.0,0.0,1.0,0.0,0.0,1.0,1.0,1.0
59151453,6.0,3.0,2,1.0,0.0,1.0,0.0,0.0,1.0,0.0,0.0,1.0,1.0,1.0
59151454,4.0,4.0,1,1.0,1.0,1.0,0.0,0.0,0.0,0.0,0.0,1.0,0.0,0.0
59151455,4.0,4.0,1,1.0,1.0,1.0,0.0,0.0,0.0,0.0,0.0,1.0,0.0,0.0
59151456,6.0,3.0,2,1.0,0.0,1.0,0.0,0.0,1.0,0.0,0.0,1.0,1.0,1.0
59151457,7.0,7.0,1,1.0,1.0,1.0,0.0,0.0,1.0,0.0,0.0,1.0,1.0,1.0
59151458,4.0,4.0,1,1.0,1.0,1.0,0.0,0.0,0.0,0.0,0.0,1.0,0.0,0.0
59151459,4.0,4.0,1,1.0,1.0,1.0,0.0,0.0,0.0,0.0,0.0,1.0,0.0,0.0
59151460,4.0,4.0,1,1.0,1.0,1.0,0.0,0.0,0.0,0.0,0.0,1.0,0.0,0.0
59151461,4.0,4.0,1,1.0,1.0,1.0,0.0,0.0,0.0,0.0,0.0,1.0,0.0,0.0
59151463,5.0,2.75,4,1.0,1.0,1.0,0.0,0.0,0.0,0.0,0.0,1.0,0.0,1.0
59151464,4.0,2.5,2,1.0,1.0,1.0,0.0,0.0,0.0,0.0,0.0,0.0,0.0,1.0
59151465,4.0,1.75,4,1.0,1.0,1.0,0.0,0.0,0.0,0.0,0.0,0.0,0.0,1.0
59151467,4.0,1.75,4,1.0,1.0,1.0,0.0,0.0,0.0,0.0,0.0,0.0,0.0,1.0
59151469,9.0,9.0,1,1.0,1.0,1.0,1.0,0.0,1.0,1.0,1.0,1.0,0.0,1.0
59151470,,,0,,,,,,,,,,,
59151471,,,0,,,,,,,,,,,
59151472,,,0,,,,,,,,,,,
59151473,5.0,5.0,1,1.0,1.0,0.0,0.0,1.0,0.0,0.0,0.0,1.0,0.0,1.0
59151474,5.0,5.0,1,1.0,1.0,0.0,0.0,1.0,0.0,0.0,0.0,1.0,0.0,1.0
59151475,5.0,5.0,1,1.0,1.0,0.0,0.0,1.0,0.0,0.0,0.0,1.0,0.0,1.0
59151476,,,0,,,,,,,,,,,
59151477,9.0,9.0,1,1.0,1.0,1.0,1.0,0.0,1.0,1.0,1.0,1.0,0.0,1.0
59151478,5.0,5.0,1,1.0,1.0,0.0,0.0,1.0,0.0,0.0,0.0,1.0,0.0,1.0
59151479,5.0,5.0,1,1.0,1.0,0.0,0.0,1.0,0.0,0.0,0.0,1.0,0.0,1.0
59151483,,,0,,,,,,,,,,,
59151484,4.0,4.0,1,1.0,1.0,1.0,0.0,0.0,0.0,0.0,0.0,1.0,0.0,0.0
59151485,5.0,3.0,3,1.0,1.0,0.0,0.0,0.0,1.0,0.0,0.0,1.0,0.0,1.0
59151486,5.0,3.0,3,1.0,1.0,0.0,0.0,0.0,1.0,0.0,0.0,1.0,0.0,1.0
59152941,9.0,2.33,6,1.0,0.0,1.0,1.0,1.0,0.0,1.0,1.0,1.0,1.0,1.0
59152942,5.0,1.2,5,1.0,0.0,0.0,1.0,1.0,0.0,0.0,0.0,1.0,0.0,1.0
59152943,7.0,2.0,4,1.0,1.0,1.0,1.0,1.0,0.0,0.0,0.0,1.0,0.0,1.0
59152944,0.0,0.0,1,0.0,0.0,0.0,0.0,0.0,0.0,0.0,0.0,0.0,0.0,0.0
59152945,1.0,1.0,1,0.0,0.0,1.0,0.0,0.0,0.0,0.0,0.0,0.0,0.0,0.0
59152946,5.0,2.33,3,1.0,1.0,1.0,0.0,0.0,0.0,0.0,0.0,1.0,0.0,1.0
59153075,1.0,1.0,1,1.0,0.0,0.0,0.0,0.0,0.0,0.0,0.0,0.0,0.0,0.0
59153076,1.0,1.0,1,1.0,0.0,0.0,0.0,0.0,0.0,0.0,0.0,0.0,0.0,0.0
59153077,2.0,1.5,2,1.0,0.0,0.0,0.0,0.0,0.0,0.0,0.0,0.0,0.0,1.0
59153078,1.0,1.0,1,1.0,0.0,0.0,0.0,0.0,0.0,0.0,0.0,0.0,0.0,0.0
59153079,2.0,1.5,2,1.0,0.0,0.0,0.0,0.0,0.0,0.0,0.0,0.0,0.0,1.0
59153080,1.0,1.0,1,1.0,0.0,0.0,0.0,0.0,0.0,0.0,0.0,0.0,0.0,0.0
59153081,,,0,,,,,,,,,,,
59153082,5.0,5.0,1,1.0,1.0,1.0,0.0,0.0,1.0,0.0,0.0,1.0,0.0,0.0
59153083,5.0,5.0,1,1.0,1.0,1.0,0.0,0.0,1.0,0.0,0.0,1.0,0.0,0.0
59153084,4.0,2.0,2,1.0,1.0,0.0,0.0,0.0,1.0,0.0,0.0,1.0,0.0,0.0
59153085,4.0,2.0,2,1.0,1.0,0.0,0.0,0.0,1.0,0.0,0.0,1.0,0.0,0.0
59153086,4.0,2.0,2,1.0,1.0,0.0,0.0,0.0,1.0,0.0,0.0,1.0,0.0,0.0
59153087,,,0,,,,,,,,,,,
59153088,,,0,,,,,,,,,,,
59153089,,,0,,,,,,,,,,,
59153090,,,0,,,,,,,,,,,
59153091,,,0,,,,,,,,,,,
59153092,3.0,3.0,1,1.0,0.0,0.0,0.0,1.0,0.0,0.0,1.0,0.0,0.0,0.0
59153093,3.0,3.0,1,1.0,0.0,0.0,0.0,1.0,0.0,0.0,1.0,0.0,0.0,0.0
59153094,,,0,,,,,,,,,,,
59153095,3.0,3.0,1,1.0,0.0,0.0,0.0,1.0,0.0,0.0,1.0,0.0,0.0,0.0
59153096,,,0,,,,,,,,,,,
59153097,4.0,3.0,2,1.0,1.0,0.0,0.0,0.0,0.0,0.0,0.0,1.0,0.0,1.0
59153098,,,0,,,,,,,,,,,
59153123,,,0,,,,,,,,,,,
59153124,8.0,8.0,1,1.0,0.0,1.0,1.0,1.0,0.0,1.0,1.0,1.0,0.0,1.0
59153132,4.0,2.25,4,1.0,0.0,1.0,0.0,0.0,0.0,1.0,0.0,0.0,0.0,1.0
59153133,1.0,0.5,2,0.0,0.0,0.0,0.0,0.0,0.0,0.0,0.0,0.0,0.0,1.0
59153134,,,0,,,,,,,,,,,
59153135,1.0,1.0,1,0.0,0.0,0.0,0.0,0.0,0.0,0.0,0.0,0.0,0.0,1.0
59153136,,,0,,,,,,,,,,,
59153137,,,0,,,,,,,,,,,
59153138,,,0,,,,,,,,,,,
59153139,,,0,,,,,,,,,,,
59153140,3.0,3.0,1,1.0,0.0,0.0,0.0,0.0,0.0,0.0,0.0,1.0,0.0,1.0
59153144,8.0,3.0,3,1.0,1.0,0.0,1.0,1.0,0.0,1.0,0.0,1.0,1.0,1.0
59153151,6.0,4.0,2,1.0,1.0,0.0,0.0,0.0,1.0,0.0,0.0,1.0,1.0,1.0
59153152,,,0,,,,,,,,,,,
59153153,,,0,,,,,,,,,,,
59153154,,,0,,,,,,,,,,,
59153155,2.0,2.0,1,1.0,0.0,0.0,0.0,0.0,0.0,0.0,0.0,0.0,0.0,1.0
59153156,5.0,3.5,2,1.0,0.0,1.0,0.0,0.0,0.0,0.0,0.0,1.0,1.0,1.0
59153157,7.0,4.33,3,1.0,1.0,1.0,0.0,0.0,1.0,0.0,0.0,1.0,1.0,1.0
59153158,6.0,4.0,2,1.0,1.0,0.0,0.0,0.0,1.0,0.0,0.0,1.0,1.0,1.0
59153159,6.0,4.0,2,1.0,1.0,0.0,0.0,0.0,1.0,0.0,0.0,1.0,1.0,1.0
59153160,5.0,3.5,2,1.0,0.0,1.0,0.0,0.0,0.0,0.0,0.0,1.0,1.0,1.0
59153161,5.0,2.67,3,1.0,0.0,1.0,0.0,0.0,0.0,0.0,0.0,1.0,1.0,1.0
59153162,5.0,2.67,3,1.0,0.0,1.0,0.0,0.0,0.0,0.0,0.0,1.0,1.0,1.0
59153163,6.0,4.0,2,1.0,1.0,0.0,0.0,0.0,1.0,0.0,0.0,1.0,1.0,1.0
59153164,4.0,4.0,1,1.0,0.0,0.0,0.0,0.0,0.0,0.0,0.0,1.0,1.0,1.0
59153165,4.0,4.0,1,1.0,0.0,0.0,0.0,0.0,0.0,0.0,0.0,1.0,1.0,1.0
59153166,5.0,3.67,3,1.0,0.0,1.0,0.0,0.0,1.0,0.0,0.0,1.0,0.0,1.0
59153167,5.0,4.5,2,1.0,0.0,1.0,0.0,0.0,1.0,0.0,0.0,1.0,0.0,1.0
59153168,5.0,3.0,2,1.0,0.0,0.0,1.0,0.0,0.0,1.0,0.0,1.0,0.0,1.0
59153171,7.0,6.0,2,1.0,1.0,0.0,1.0,1.0,0.0,1.0,0.0,1.0,0.0,1.0
59153172,7.0,4.33,3,1.0,1.0,0.0,1.0,1.0,0.0,1.0,0.0,1.0,0.0,1.0
59153181,5.0,5.0,1,1.0,1.0,1.0,0.0,0.0,0.0,0.0,0.0,1.0,0.0,1.0
59153182,5.0,5.0,1,1.0,1.0,1.0,0.0,0.0,0.0,0.0,0.0,1.0,0.0,1.0
59153183,6.0,5.0,2,1.0,1.0,1.0,0.0,0.0,1.0,0.0,0.0,1.0,0.0,1.0
59153184,6.0,3.67,3,1.0,1.0,1.0,0.0,0.0,1.0,0.0,0.0,1.0,0.0,1.0
59153185,8.0,4.33,3,1.0,1.0,1.0,0.0,1.0,1.0,0.0,0.0,1.0,1.0,1.0
59153186,8.0,4.33,3,1.0,1.0,1.0,0.0,1.0,1.0,0.0,0.0,1.0,1.0,1.0
59153187,8.0,4.33,3,1.0,1.0,1.0,0.0,1.0,1.0,0.0,0.0,1.0,1.0,1.0
59153188,8.0,4.33,3,1.0,1.0,1.0,0.0,1.0,1.0,0.0,0.0,1.0,1.0,1.0
59153189,8.0,6.5,2,1.0,1.0,1.0,0.0,1.0,1.0,0.0,0.0,1.0,1.0,1.0
59153190,6.0,4.0,2,1.0,1.0,0.0,0.0,0.0,1.0,0.0,0.0,1.0,1.0,1.0
59153191,7.0,4.67,3,1.0,1.0,1.0,0.0,0.0,1.0,0.0,0.0,1.0,1.0,1.0
59153192,6.0,4.0,2,1.0,1.0,0.0,0.0,0.0,1.0,0.0,0.0,1.0,1.0,1.0
59153193,6.0,4.0,2,1.0,1.0,0.0,0.0,0.0,1.0,0.0,0.0,1.0,1.0,1.0
59153194,2.0,2.0,1,1.0,0.0,0.0,0.0,0.0,0.0,0.0,0.0,0.0,0.0,1.0
59153195,,,0,,,,,,,,,,,
59153196,6.0,4.0,2,1.0,1.0,0.0,0.0,0.0,1.0,0.0,0.0,1.0,1.0,1.0
59153197,,,0,,,,,,,,,,,
59153198,8.0,4.5,2,1.0,0.0,1.0,0.0,1.0,1.0,0.0,1.0,1.0,1.0,1.0
59153199,8.0,4.5,2,1.0,0.0,1.0,0.0,1.0,1.0,0.0,1.0,1.0,1.0,1.0
59153200,9.0,5.5,2,1.0,1.0,1.0,0.0,1.0,1.0,0.0,1.0,1.0,1.0,1.0
59153201,9.0,5.5,2,1.0,1.0,1.0,0.0,1.0,1.0,0.0,1.0,1.0,1.0,1.0
59153202,8.0,4.5,2,1.0,0.0,1.0,0.0,1.0,1.0,0.0,1.0,1.0,1.0,1.0
59153203,8.0,3.0,3,1.0,0.0,1.0,0.0,1.0,1.0,0.0,1.0,1.0,1.0,1.0
59153204,8.0,3.0,3,1.0,0.0,1.0,0.0,1.0,1.0,0.0,1.0,1.0,1.0,1.0
59153205,8.0,3.0,3,1.0,0.0,1.0,0.0,1.0,1.0,0.0,1.0,1.0,1.0,1.0
59153206,2.0,0.67,3,1.0,0.0,0.0,0.0,0.0,0.0,0.0,0.0,0.0,0.0,1.0
59153207,1.0,0.75,4,0.0,0.0,0.0,0.0,0.0,0.0,0.0,0.0,0.0,0.0,1.0
59153208,2.0,0.75,4,1.0,0.0,0.0,0.0,0.0,0.0,0.0,0.0,0.0,0.0,1.0
59153209,5.0,1.6,5,1.0,0.0,0.0,0.0,1.0,1.0,0.0,0.0,1.0,0.0,1.0
59153210,5.0,1.33,6,1.0,0.0,0.0,0.0,1.0,1.0,0.0,0.0,1.0,0.0,1.0
59153211,5.0,1.6,5,1.0,0.0,0.0,0.0,1.0,1.0,0.0,0.0,1.0,0.0,1.0
59153212,5.0,2.33,3,1.0,0.0,0.0,0.0,1.0,1.0,0.0,0.0,1.0,0.0,1.0
59153213,5.0,2.0,4,1.0,0.0,0.0,0.0,1.0,1.0,0.0,0.0,1.0,0.0,1.0
59153214,5.0,1.67,6,1.0,0.0,0.0,0.0,1.0,1.0,0.0,0.0,1.0,0.0,1.0
59153215,9.0,3.5,4,1.0,1.0,1.0,0.0,1.0,1.0,1.0,1.0,1.0,0.0,1.0
59153216,6.0,2.0,4,1.0,1.0,1.0,0.0,0.0,0.0,1.0,0.0,1.0,0.0,1.0
59153217,2.0,1.0,2,1.0,0.0,0.0,0.0,0.0,0.0,0.0,0.0,0.0,0.0,1.0
59153218,8.0,8.0,1,1.0,0.0,1.0,0.0,1.0,1.0,0.0,1.0,1.0,1.0,1.0
59153219,8.0,8.0,1,1.0,0.0,1.0,0.0,1.0,1.0,0.0,1.0,1.0,1.0,1.0
59153220,8.0,5.0,2,1.0,0.0,1.0,0.0,1.0,1.0,0.0,1.0,1.0,1.0,1.0
59153221,9.0,5.5,2,1.0,1.0,1.0,0.0,1.0,1.0,0.0,1.0,1.0,1.0,1.0
59153222,9.0,5.5,2,1.0,1.0,1.0,0.0,1.0,1.0,0.0,1.0,1.0,1.0,1.0
59153223,4.0,2.5,2,1.0,1.0,1.0,0.0,0.0,0.0,0.0,0.0,0.0,0.0,1.0
59153224,,,0,,,,,,,,,,,
59153225,,,0,,,,,,,,,,,
59153226,5.0,5.0,1,1.0,1.0,1.0,0.0,0.0,1.0,0.0,0.0,1.0,0.0,0.0
59153227,0.0,0.0,1,0.0,0.0,0.0,0.0,0.0,0.0,0.0,0.0,0.0,0.0,0.0
59153228,,,0,,,,,,,,,,,
59153229,,,0,,,,,,,,,,,
59153230,6.0,3.0,2,1.0,1.0,1.0,0.0,0.0,0.0,1.0,0.0,1.0,0.0,1.0
59153231,6.0,3.67,3,1.0,0.0,1.0,0.0,0.0,1.0,0.0,0.0,1.0,1.0,1.0
59153232,7.0,4.0,4,1.0,1.0,1.0,0.0,0.0,1.0,0.0,0.0,1.0,1.0,1.0
59153246,,,0,,,,,,,,,,,
59153249,10.0,6.0,3,1.0,1.0,1.0,1.0,1.0,0.0,1.0,1.0,1.0,1.0,1.0
59153250,8.0,8.0,1,1.0,0.0,1.0,1.0,1.0,0.0,1.0,1.0,1.0,0.0,1.0
59153251,9.0,6.5,2,1.0,1.0,1.0,1.0,1.0,0.0,1.0,1.0,1.0,0.0,1.0
59153252,5.0,5.0,1,1.0,1.0,1.0,0.0,0.0,0.0,0.0,0.0,1.0,0.0,1.0
59153253,3.0,1.33,3,1.0,0.0,0.0,0.0,0.0,0.0,0.0,0.0,1.0,0.0,1.0
59153254,3.0,1.5,2,1.0,0.0,0.0,0.0,0.0,0.0,0.0,0.0,1.0,0.0,1.0
59153255,0.0,0.0,1,0.0,0.0,0.0,0.0,0.0,0.0,0.0,0.0,0.0,0.0,0.0
59153256,3.0,2.5,2,1.0,0.0,0.0,0.0,0.0,0.0,0.0,0.0,1.0,0.0,1.0
59153257,3.0,3.0,1,1.0,0.0,0.0,0.0,0.0,0.0,0.0,0.0,1.0,0.0,1.0
59153258,3.0,3.0,1,1.0,0.0,0.0,0.0,0.0,0.0,0.0,0.0,1.0,0.0,1.0
59153259,,,0,,,,,,,,,,,
59153261,6.0,4.5,2,1.0,1.0,0.0,0.0,1.0,0.0,0.0,1.0,1.0,0.0,1.0
59153262,3.0,3.0,1,1.0,0.0,0.0,0.0,0.0,0.0,0.0,0.0,0.0,1.0,1.0
59153263,4.0,4.0,1,1.0,1.0,0.0,0.0,0.0,0.0,0.0,0.0,1.0,0.0,1.0
59153264,6.0,6.0,1,1.0,1.0,1.0,0.0,0.0,1.0,0.0,0.0,1.0,0.0,1.0
59153265,6.0,6.0,1,1.0,1.0,1.0,0.0,0.0,1.0,0.0,0.0,1.0,0.0,1.0
59153266,6.0,6.0,1,1.0,1.0,1.0,0.0,0.0,1.0,0.0,0.0,1.0,0.0,1.0
59153267,3.0,3.0,1,1.0,0.0,0.0,0.0,0.0,0.0,0.0,0.0,0.0,1.0,1.0
59153268,6.0,6.0,1,1.0,1.0,1.0,0.0,0.0,1.0,0.0,0.0,1.0,0.0,1.0
59153269,6.0,6.0,1,1.0,1.0,1.0,0.0,0.0,1.0,0.0,0.0,1.0,0.0,1.0
59153270,6.0,6.0,1,1.0,1.0,1.0,0.0,0.0,1.0,0.0,0.0,1.0,0.0,1.0
59153271,,,0,,,,,,,,,,,
59153272,1.0,1.0,1,0.0,1.0,0.0,0.0,0.0,0.0,0.0,0.0,0.0,0.0,0.0
59153273,,,0,,,,,,,,,,,
59153274,,,0,,,,,,,,,,,
59153275,3.0,2.5,2,1.0,0.0,1.0,0.0,0.0,0.0,0.0,0.0,0.0,0.0,1.0
59153276,6.0,6.0,1,1.0,1.0,1.0,0.0,0.0,1.0,0.0,0.0,1.0,0.0,1.0
59153277,2.0,2.0,1,0.0,0.0,1.0,0.0,0.0,0.0,0.0,0.0,0.0,0.0,1.0
59153278,2.0,2.0,1,0.0,0.0,1.0,0.0,0.0,0.0,0.0,0.0,0.0,0.0,1.0
59153279,6.0,6.0,1,1.0,1.0,1.0,0.0,0.0,1.0,0.0,0.0,1.0,0.0,1.0
59153280,4.0,4.0,1,1.0,0.0,0.0,0.0,1.0,0.0,0.0,0.0,1.0,0.0,1.0
59153281,4.0,4.0,1,1.0,0.0,0.0,0.0,1.0,0.0,0.0,0.0,1.0,0.0,1.0
59153282,5.0,5.0,1,1.0,1.0,1.0,0.0,0.0,0.0,0.0,0.0,1.0,0.0,1.0
59153283,5.0,3.0,2,1.0,1.0,1.0,0.0,0.0,0.0,0.0,0.0,1.0,0.0,1.0
59153284,1.0,1.0,1,1.0,0.0,0.0,0.0,0.0,0.0,0.0,0.0,0.0,0.0,0.0
59153285,1.0,1.0,1,1.0,0.0,0.0,0.0,0.0,0.0,0.0,0.0,0.0,0.0,0.0
59153286,5.0,5.0,1,1.0,1.0,1.0,0.0,0.0,0.0,0.0,0.0,1.0,0.0,1.0
59153287,5.0,5.0,1,1.0,1.0,1.0,0.0,0.0,0.0,0.0,0.0,1.0,0.0,1.0
59153288,5.0,5.0,1,1.0,1.0,1.0,0.0,0.0,0.0,0.0,0.0,1.0,0.0,1.0
59153289,,,0,,,,,,,,,,,
59153290,1.0,1.0,1,1.0,0.0,0.0,0.0,0.0,0.0,0.0,0.0,0.0,0.0,0.0
59153291,1.0,1.0,1,1.0,0.0,0.0,0.0,0.0,0.0,0.0,0.0,0.0,0.0,0.0
59153292,,,0,,,,,,,,,,,
59153293,,,0,,,,,,,,,,,
59153295,,,0,,,,,,,,,,,
59153296,6.0,6.0,1,1.0,1.0,0.0,1.0,0.0,0.0,0.0,1.0,1.0,0.0,1.0
59153297,6.0,3.5,2,1.0,1.0,0.0,1.0,0.0,0.0,0.0,1.0,1.0,0.0,1.0
59153298,6.0,6.0,1,1.0,1.0,0.0,1.0,0.0,0.0,0.0,1.0,1.0,0.0,1.0
59153299,6.0,4.5,2,1.0,1.0,0.0,1.0,0.0,0.0,0.0,1.0,1.0,0.0,1.0
59153300,6.0,6.0,1,1.0,1.0,0.0,1.0,0.0,0.0,0.0,1.0,1.0,0.0,1.0
59153301,,,0,,,,,,,,,,,
59153302,,,0,,,,,,,,,,,
59153303,,,0,,,,,,,,,,,
59153304,2.0,2.0,1,1.0,0.0,0.0,0.0,0.0,0.0,0.0,0.0,0.0,0.0,1.0
59153305,6.0,4.0,2,1.0,1.0,1.0,0.0,0.0,0.0,0.0,0.0,1.0,1.0,1.0
59153306,2.0,2.0,1,1.0,0.0,0.0,0.0,0.0,0.0,0.0,0.0,0.0,0.0,1.0
59153307,6.0,4.0,2,1.0,1.0,1.0,0.0,0.0,0.0,0.0,0.0,1.0,1.0,1.0
59153308,2.0,2.0,1,1.0,0.0,0.0,0.0,0.0,0.0,0.0,0.0,0.0,0.0,1.0
59153370,7.0,6.0,2,1.0,1.0,0.0,1.0,1.0,0.0,1.0,0.0,1.0,0.0,1.0
59153371,7.0,6.0,2,1.0,1.0,0.0,1.0,1.0,0.0,1.0,0.0,1.0,0.0,1.0
59153372,5.0,3.0,3,1.0,0.0,0.0,1.0,0.0,0.0,1.0,0.0,1.0,0.0,1.0
59153373,5.0,3.0,3,1.0,0.0,0.0,1.0,0.0,0.0,1.0,0.0,1.0,0.0,1.0
59153394,8.0,4.67,3,1.0,0.0,1.0,1.0,0.0,1.0,1.0,1.0,1.0,0.0,1.0
59153400,7.0,6.0,2,1.0,1.0,0.0,1.0,1.0,0.0,1.0,0.0,1.0,0.0,1.0
59153464,7.0,4.0,3,1.0,0.0,0.0,1.0,1.0,1.0,1.0,0.0,1.0,0.0,1.0
59153466,3.0,1.33,3,1.0,0.0,0.0,0.0,0.0,0.0,0.0,0.0,1.0,0.0,1.0
59153467,7.0,4.0,3,1.0,0.0,0.0,1.0,1.0,1.0,1.0,0.0,1.0,0.0,1.0
59153469,7.0,6.5,2,1.0,0.0,1.0,1.0,1.0,0.0,1.0,0.0,1.0,0.0,1.0
59153470,7.0,5.25,4,1.0,0.0,1.0,1.0,1.0,0.0,1.0,0.0,1.0,0.0,1.0
59153471,7.0,5.0,3,1.0,0.0,1.0,1.0,1.0,0.0,1.0,0.0,1.0,0.0,1.0
59153472,7.0,4.5,2,1.0,0.0,1.0,1.0,1.0,0.0,1.0,0.0,1.0,0.0,1.0
59153473,7.0,7.0,1,1.0,0.0,1.0,1.0,1.0,0.0,1.0,0.0,1.0,0.0,1.0
59153474,7.0,7.0,1,1.0,0.0,1.0,1.0,1.0,0.0,1.0,0.0,1.0,0.0,1.0
59153476,4.0,2.0,4,1.0,0.0,0.0,0.0,0.0,0.0,1.0,0.0,1.0,0.0,1.0
59153477,4.0,2.0,3,1.0,0.0,0.0,0.0,0.0,0.0,1.0,0.0,1.0,0.0,1.0
59153479,2.0,2.0,1,1.0,0.0,0.0,0.0,0.0,0.0,0.0,0.0,0.0,0.0,1.0
59153480,4.0,3.0,2,1.0,0.0,0.0,0.0,0.0,0.0,1.0,0.0,1.0,0.0,1.0
59153481,6.0,5.0,2,1.0,0.0,0.0,1.0,0.0,1.0,1.0,0.0,1.0,0.0,1.0
59153482,6.0,5.0,2,1.0,0.0,0.0,1.0,0.0,1.0,1.0,0.0,1.0,0.0,1.0
59153483,1.0,1.0,1,0.0,0.0,0.0,0.0,0.0,0.0,0.0,0.0,0.0,0.0,1.0
59153490,8.0,8.0,1,1.0,0.0,1.0,1.0,0.0,0.0,1.0,1.0,1.0,1.0,1.0
59153491,9.0,6.0,2,1.0,0.0,1.0,1.0,1.0,0.0,1.0,1.0,1.0,1.0,1.0
59153492,8.0,8.0,1,1.0,0.0,1.0,1.0,0.0,0.0,1.0,1.0,1.0,1.0,1.0
59153498,5.0,4.0,2,1.0,1.0,1.0,0.0,0.0,0.0,0.0,0.0,1.0,0.0,1.0
59153499,4.0,2.5,2,1.0,1.0,1.0,0.0,0.0,0.0,0.0,0.0,0.0,0.0,1.0
59153500,5.0,2.75,4,1.0,1.0,1.0,0.0,0.0,0.0,0.0,0.0,1.0,0.0,1.0
59153539,3.0,3.0,1,1.0,1.0,0.0,0.0,0.0,0.0,0.0,0.0,1.0,0.0,0.0
59153540,3.0,3.0,1,1.0,1.0,0.0,0.0,0.0,0.0,0.0,0.0,1.0,0.0,0.0
59153552,3.0,2.33,3,1.0,0.0,1.0,0.0,0.0,0.0,0.0,0.0,0.0,0.0,1.0
59153553,3.0,2.33,3,1.0,0.0,1.0,0.0,0.0,0.0,0.0,0.0,0.0,0.0,1.0
59153562,7.0,6.5,2,1.0,0.0,1.0,1.0,1.0,0.0,1.0,0.0,1.0,0.0,1.0
59153578,4.0,2.5,2,1.0,0.0,0.0,0.0,0.0,0.0,1.0,0.0,1.0,0.0,1.0
59153579,2.0,2.0,1,1.0,0.0,0.0,0.0,0.0,0.0,1.0,0.0,0.0,0.0,0.0
59153580,1.0,1.0,1,0.0,0.0,0.0,0.0,0.0,0.0,0.0,0.0,0.0,0.0,1.0
59153581,3.0,1.5,2,1.0,0.0,0.0,0.0,0.0,0.0,1.0,0.0,0.0,0.0,1.0
59153582,6.0,3.5,2,1.0,1.0,1.0,0.0,1.0,0.0,0.0,0.0,1.0,0.0,1.0
59153583,6.0,3.33,3,1.0,1.0,1.0,0.0,1.0,0.0,0.0,0.0,1.0,0.0,1.0
59153585,6.0,3.5,2,1.0,1.0,1.0,0.0,1.0,0.0,0.0,0.0,1.0,0.0,1.0
59153586,8.0,3.8,5,1.0,0.0,1.0,1.0,0.0,1.0,1.0,1.0,1.0,0.0,1.0
59153587,8.0,5.5,2,1.0,0.0,1.0,1.0,0.0,1.0,1.0,1.0,1.0,0.0,1.0
59153588,8.0,5.5,2,1.0,0.0,1.0,1.0,0.0,1.0,1.0,1.0,1.0,0.0,1.0
59153589,8.0,5.5,2,1.0,0.0,1.0,1.0,0.0,1.0,1.0,1.0,1.0,0.0,1.0
59153590,1.0,1.0,1,0.0,0.0,0.0,0.0,0.0,0.0,1.0,0.0,0.0,0.0,0.0
59153591,8.0,6.5,2,1.0,0.0,1.0,1.0,0.0,1.0,1.0,1.0,1.0,0.0,1.0
59153668,2.0,2.0,1,1.0,0.0,0.0,0.0,0.0,0.0,0.0,0.0,0.0,0.0,1.0
59153669,5.0,3.5,2,1.0,0.0,0.0,0.0,1.0,0.0,0.0,0.0,1.0,1.0,1.0
59153670,5.0,3.5,2,1.0,0.0,0.0,0.0,1.0,0.0,0.0,0.0,1.0,1.0,1.0
59153671,5.0,3.5,2,1.0,0.0,0.0,0.0,1.0,0.0,0.0,0.0,1.0,1.0,1.0
59153672,5.0,3.5,2,1.0,0.0,0.0,0.0,1.0,0.0,0.0,0.0,1.0,1.0,1.0
59153673,5.0,3.5,2,1.0,0.0,0.0,0.0,1.0,0.0,0.0,0.0,1.0,1.0,1.0
59153674,5.0,3.5,2,1.0,0.0,0.0,0.0,1.0,0.0,0.0,0.0,1.0,1.0,1.0
59153675,5.0,5.0,1,1.0,0.0,0.0,0.0,1.0,0.0,0.0,0.0,1.0,1.0,1.0
59153676,5.0,3.5,2,1.0,0.0,0.0,0.0,1.0,0.0,0.0,0.0,1.0,1.0,1.0
59153677,,,0,,,,,,,,,,,
59153678,5.0,5.0,1,1.0,0.0,0.0,0.0,1.0,0.0,0.0,0.0,1.0,1.0,1.0
59153679,5.0,5.0,1,1.0,0.0,0.0,0.0,1.0,0.0,0.0,0.0,1.0,1.0,1.0
59153680,5.0,5.0,1,1.0,0.0,0.0,0.0,1.0,0.0,0.0,0.0,1.0,1.0,1.0
59153681,5.0,5.0,1,1.0,0.0,0.0,0.0,1.0,0.0,0.0,0.0,1.0,1.0,1.0
59153682,,,0,,,,,,,,,,,
59153683,5.0,5.0,1,1.0,0.0,0.0,0.0,1.0,0.0,0.0,0.0,1.0,1.0,1.0
59153684,5.0,5.0,1,1.0,0.0,0.0,0.0,1.0,0.0,0.0,0.0,1.0,1.0,1.0
59153685,3.0,3.0,1,0.0,0.0,0.0,1.0,0.0,0.0,1.0,0.0,0.0,0.0,1.0
59153686,7.0,3.0,4,1.0,0.0,1.0,1.0,0.0,1.0,1.0,0.0,1.0,0.0,1.0
59153687,6.0,2.75,4,1.0,0.0,1.0,0.0,0.0,1.0,1.0,0.0,1.0,0.0,1.0
59153688,6.0,3.0,3,1.0,0.0,1.0,0.0,0.0,1.0,1.0,0.0,1.0,0.0,1.0
59153689,10.0,3.4,5,1.0,1.0,1.0,1.0,1.0,1.0,1.0,0.0,1.0,1.0,1.0
59153690,8.0,3.0,3,1.0,1.0,0.0,1.0,1.0,0.0,1.0,0.0,1.0,1.0,1.0
59153691,8.0,8.0,1,1.0,1.0,0.0,1.0,1.0,0.0,1.0,0.0,1.0,1.0,1.0
59153692,8.0,8.0,1,1.0,1.0,0.0,1.0,1.0,0.0,1.0,0.0,1.0,1.0,1.0
59153799,,,0,,,,,,,,,,,
59153800,,,0,,,,,,,,,,,
59153801,0.0,0.0,1,0.0,0.0,0.0,0.0,0.0,0.0,0.0,0.0,0.0,0.0,0.0
59153805,1.0,0.5,2,1.0,0.0,0.0,0.0,0.0,0.0,0.0,0.0,0.0,0.0,0.0
59153806,0.0,0.0,1,0.0,0.0,0.0,0.0,0.0,0.0,0.0,0.0,0.0,0.0,0.0
59153807,4.0,4.0,1,1.0,1.0,0.0,0.0,0.0,1.0,0.0,0.0,1.0,0.0,0.0
59153809,6.0,4.5,2,1.0,1.0,1.0,0.0,0.0,1.0,0.0,0.0,1.0,0.0,1.0
59153810,2.0,0.67,3,1.0,1.0,0.0,0.0,0.0,0.0,0.0,0.0,0.0,0.0,0.0
59153812,6.0,2.67,3,1.0,1.0,0.0,1.0,1.0,0.0,0.0,0.0,1.0,0.0,1.0
59153814,6.0,6.0,1,1.0,0.0,1.0,0.0,1.0,0.0,0.0,0.0,1.0,1.0,1.0
59153815,7.0,4.5,2,1.0,1.0,1.0,0.0,0.0,1.0,0.0,1.0,1.0,0.0,1.0
59153816,4.0,4.0,1,1.0,0.0,1.0,0.0,0.0,0.0,0.0,0.0,1.0,0.0,1.0
59153818,6.0,5.0,2,1.0,0.0,1.0,0.0,1.0,0.0,0.0,0.0,1.0,1.0,1.0
59153821,,,0,,,,,,,,,,,
59153825,6.0,5.5,2,1.0,1.0,1.0,0.0,0.0,1.0,0.0,0.0,1.0,0.0,1.0
59153826,6.0,6.0,1,1.0,1.0,1.0,0.0,0.0,1.0,0.0,0.0,1.0,0.0,1.0
59153831,9.0,3.67,3,1.0,1.0,1.0,1.0,0.0,1.0,1.0,1.0,1.0,0.0,1.0
59153833,6.0,6.0,1,1.0,0.0,1.0,1.0,0.0,0.0,1.0,0.0,1.0,0.0,1.0
59153835,3.0,3.0,1,0.0,0.0,0.0,0.0,0.0,0.0,1.0,0.0,1.0,0.0,1.0
59153836,3.0,2.5,2,0.0,0.0,0.0,0.0,0.0,0.0,1.0,0.0,1.0,0.0,1.0
59153838,3.0,2.0,2,1.0,0.0,0.0,0.0,0.0,0.0,1.0,0.0,0.0,0.0,1.0
59153839,2.0,2.0,1,1.0,0.0,0.0,0.0,0.0,0.0,0.0,0.0,0.0,0.0,1.0
59153843,4.0,3.0,2,1.0,0.0,0.0,0.0,0.0,1.0,0.0,0.0,1.0,0.0,1.0
59153847,6.0,6.0,1,1.0,0.0,0.0,1.0,1.0,0.0,1.0,0.0,1.0,0.0,1.0
59153849,5.0,5.0,1,1.0,0.0,0.0,0.0,1.0,0.0,0.0,0.0,1.0,1.0,1.0
59153851,6.0,6.0,1,1.0,0.0,0.0,1.0,1.0,0.0,1.0,0.0,1.0,0.0,1.0
59153852,1.0,1.0,1,0.0,0.0,0.0,0.0,0.0,0.0,0.0,0.0,0.0,0.0,1.0
59153955,5.0,3.0,3,1.0,0.0,0.0,1.0,0.0,0.0,1.0,0.0,1.0,0.0,1.0
59153956,2.0,2.0,1,1.0,0.0,0.0,0.0,0.0,0.0,0.0,0.0,0.0,0.0,1.0
59153986,8.0,3.25,4,1.0,0.0,1.0,1.0,0.0,1.0,1.0,1.0,1.0,0.0,1.0
59153987,6.0,2.83,6,1.0,0.0,0.0,1.0,0.0,1.0,1.0,0.0,1.0,0.0,1.0
59153988,4.0,2.67,3,1.0,0.0,0.0,0.0,0.0,1.0,0.0,0.0,1.0,0.0,1.0
59153989,4.0,2.67,3,1.0,0.0,0.0,0.0,0.0,1.0,0.0,0.0,1.0,0.0,1.0
59153990,4.0,2.67,3,1.0,0.0,0.0,0.0,0.0,1.0,0.0,0.0,1.0,0.0,1.0
59153991,2.0,2.0,2,1.0,0.0,0.0,0.0,0.0,0.0,0.0,0.0,0.0,0.0,1.0
59153994,6.0,5.0,2,1.0,0.0,0.0,1.0,0.0,1.0,1.0,0.0,1.0,0.0,1.0
59153995,6.0,2.75,4,1.0,0.0,0.0,1.0,0.0,1.0,1.0,0.0,1.0,0.0,1.0
59153996,6.0,3.33,3,1.0,0.0,0.0,1.0,0.0,1.0,1.0,0.0,1.0,0.0,1.0
59153997,6.0,3.33,3,1.0,0.0,0.0,1.0,0.0,1.0,1.0,0.0,1.0,0.0,1.0
59154000,8.0,5.0,4,1.0,1.0,1.0,1.0,1.0,0.0,1.0,0.0,1.0,0.0,1.0
59154002,8.0,4.0,3,1.0,1.0,1.0,1.0,1.0,0.0,1.0,0.0,1.0,0.0,1.0
59154026,3.0,2.0,2,1.0,0.0,0.0,0.0,0.0,0.0,0.0,0.0,1.0,0.0,1.0
59154027,4.0,3.0,2,1.0,0.0,0.0,0.0,0.0,1.0,0.0,0.0,1.0,0.0,1.0
59154134,7.0,4.0,3,1.0,0.0,0.0,1.0,1.0,1.0,1.0,0.0,1.0,0.0,1.0
59154135,7.0,4.0,3,1.0,0.0,0.0,1.0,1.0,1.0,1.0,0.0,1.0,0.0,1.0
59154136,4.0,1.75,4,1.0,1.0,1.0,0.0,0.0,0.0,0.0,0.0,0.0,0.0,1.0
59154137,4.0,1.75,4,1.0,1.0,1.0,0.0,0.0,0.0,0.0,0.0,0.0,0.0,1.0
59154138,4.0,1.75,4,1.0,1.0,1.0,0.0,0.0,0.0,0.0,0.0,0.0,0.0,1.0
59154139,9.0,3.67,3,1.0,1.0,1.0,1.0,0.0,1.0,1.0,1.0,1.0,0.0,1.0
59154140,7.0,4.33,3,1.0,1.0,0.0,1.0,1.0,0.0,1.0,0.0,1.0,0.0,1.0
59154141,7.0,4.0,3,1.0,0.0,1.0,1.0,1.0,0.0,1.0,0.0,1.0,0.0,1.0
59154142,7.0,5.5,2,1.0,0.0,1.0,1.0,1.0,0.0,1.0,0.0,1.0,0.0,1.0
59154143,4.0,4.0,1,1.0,0.0,0.0,0.0,0.0,1.0,0.0,0.0,1.0,0.0,1.0
59154144,4.0,2.5,2,1.0,0.0,0.0,0.0,0.0,1.0,0.0,0.0,1.0,0.0,1.0
59154145,4.0,2.33,3,1.0,0.0,0.0,0.0,0.0,1.0,0.0,0.0,1.0,0.0,1.0
59154146,3.0,1.67,3,1.0,0.0,0.0,0.0,0.0,0.0,0.0,0.0,1.0,0.0,1.0
59154147,6.0,6.0,1,1.0,0.0,0.0,1.0,1.0,0.0,1.0,0.0,1.0,0.0,1.0
59154148,7.0,5.67,3,1.0,0.0,1.0,1.0,1.0,0.0,1.0,0.0,1.0,0.0,1.0
59154149,7.0,5.67,3,1.0,0.0,1.0,1.0,1.0,0.0,1.0,0.0,1.0,0.0,1.0
59154150,5.0,3.0,2,1.0,0.0,1.0,0.0,1.0,0.0,0.0,0.0,1.0,0.0,1.0
59154152,2.0,2.0,1,1.0,0.0,1.0,0.0,0.0,0.0,0.0,0.0,0.0,0.0,0.0
59154154,2.0,2.0,1,1.0,0.0,1.0,0.0,0.0,0.0,0.0,0.0,0.0,0.0,0.0
59154156,6.0,6.0,1,1.0,0.0,1.0,0.0,1.0,0.0,0.0,0.0,1.0,1.0,1.0
59154157,6.0,6.0,1,1.0,0.0,1.0,0.0,1.0,0.0,0.0,0.0,1.0,1.0,1.0
59154158,5.0,3.5,2,1.0,0.0,1.0,0.0,0.0,0.0,0.0,1.0,1.0,0.0,1.0
59154159,3.0,3.0,1,1.0,0.0,0.0,0.0,0.0,0.0,0.0,1.0,0.0,0.0,1.0
59154164,2.0,1.5,2,1.0,0.0,0.0,0.0,0.0,0.0,0.0,0.0,0.0,0.0,1.0
59154165,5.0,2.4,5,1.0,0.0,1.0,1.0,0.0,0.0,1.0,0.0,0.0,0.0,1.0
59154166,2.0,2.0,1,1.0,0.0,0.0,0.0,0.0,0.0,0.0,0.0,0.0,0.0,1.0
59154167,2.0,1.5,2,1.0,0.0,0.0,0.0,0.0,0.0,0.0,0.0,0.0,0.0,1.0
59154168,,,0,,,,,,,,,,,
59154169,4.0,2.33,3,1.0,0.0,1.0,0.0,0.0,0.0,1.0,0.0,0.0,0.0,1.0
59154172,8.0,3.0,3,1.0,1.0,0.0,1.0,1.0,0.0,1.0,0.0,1.0,1.0,1.0
59154173,9.0,3.25,4,1.0,1.0,0.0,1.0,1.0,1.0,1.0,0.0,1.0,1.0,1.0
59154174,6.0,2.2,5,1.0,0.0,0.0,1.0,1.0,0.0,1.0,0.0,1.0,0.0,1.0
59154177,3.0,3.0,1,1.0,1.0,0.0,0.0,0.0,0.0,0.0,0.0,1.0,0.0,0.0
59154180,,,0,,,,,,,,,,,
59154181,6.0,3.33,3,1.0,1.0,1.0,0.0,1.0,0.0,0.0,0.0,1.0,0.0,1.0
59154182,3.0,2.0,2,1.0,0.0,0.0,0.0,0.0,0.0,0.0,0.0,1.0,0.0,1.0
59154183,3.0,2.0,2,1.0,0.0,0.0,0.0,0.0,0.0,0.0,0.0,1.0,0.0,1.0
59154184,6.0,6.0,1,1.0,1.0,1.0,0.0,1.0,0.0,0.0,0.0,1.0,0.0,1.0
59154185,6.0,3.33,3,1.0,1.0,1.0,0.0,1.0,0.0,0.0,0.0,1.0,0.0,1.0
59154186,6.0,6.0,1,1.0,1.0,1.0,0.0,1.0,0.0,0.0,0.0,1.0,0.0,1.0
59154187,6.0,3.5,2,1.0,1.0,1.0,0.0,1.0,0.0,0.0,0.0,1.0,0.0,1.0
59154188,5.0,3.0,2,1.0,0.0,1.0,0.0,1.0,0.0,0.0,0.0,1.0,0.0,1.0
59154189,2.0,2.0,1,1.0,0.0,1.0,0.0,0.0,0.0,0.0,0.0,0.0,0.0,0.0
59154190,8.0,4.67,3,1.0,1.0,1.0,0.0,0.0,1.0,0.0,1.0,1.0,1.0,1.0
59154191,8.0,4.67,3,1.0,1.0,1.0,0.0,0.0,1.0,0.0,1.0,1.0,1.0,1.0
59154192,8.0,3.0,3,1.0,1.0,0.0,1.0,1.0,0.0,1.0,0.0,1.0,1.0,1.0
59154193,8.0,2.5,4,1.0,1.0,0.0,1.0,1.0,0.0,1.0,0.0,1.0,1.0,1.0
59154194,7.0,5.0,2,1.0,1.0,1.0,0.0,0.0,1.0,0.0,0.0,1.0,1.0,1.0
59154195,5.0,4.0,2,1.0,1.0,0.0,0.0,1.0,0.0,0.0,0.0,1.0,0.0,1.0
59154196,7.0,7.0,1,1.0,1.0,1.0,0.0,0.0,1.0,0.0,0.0,1.0,1.0,1.0
