DAUID,db_pop_total,db_pop_valid,n_unique_parks,area_raw,area_cap20,area_cap10,qty_raw,qty_cap20,qty_cap10
59150307,677,677,2,11.7,11.7,10.34,17.2781,17.2781,15.2713
59150308,541,541,0,0.0,0.0,0.0,0.0,0.0,0.0
59150309,761,761,2,6.2,6.2,6.2,8.152,8.152,8.152
59150310,748,748,1,5.02,5.02,5.02,6.7082,6.7082,6.7082
59150311,537,537,2,9.2,9.2,9.2,17.1349,17.1349,17.1349
59150312,555,555,1,4.18,4.18,4.18,7.5382,7.5382,7.5382
59150313,1003,1003,2,5.73,5.73,5.73,5.7088,5.7088,5.7088
59150328,508,508,2,5.73,5.73,5.73,11.2715,11.2715,11.2715
59150329,966,966,3,16.57,16.57,14.73,17.1486,17.1486,15.2467
59150330,544,544,1,11.84,11.84,10.0,21.7596,21.7596,18.3824
59150331,858,858,1,11.84,11.84,10.0,13.7963,13.7963,11.655
59150332,660,660,0,0.0,0.0,0.0,0.0,0.0,0.0
59150333,621,621,0,0.0,0.0,0.0,0.0,0.0,0.0
59150334,507,507,1,3.05,3.05,3.05,6.0202,6.0202,6.0202
59150335,857,857,1,3.05,3.05,3.05,3.5615,3.5615,3.5615
59150336,610,610,1,3.05,3.05,3.05,5.0037,5.0037,5.0037
59150337,433,433,2,4.02,4.02,4.02,9.2892,9.2892,9.2892
59150338,479,479,2,4.99,4.99,4.99,10.4075,10.4075,10.4075
59150339,588,588,1,1.93,1.93,1.93,3.2873,3.2873,3.2873
59150340,534,534,1,1.93,1.93,1.93,3.6197,3.6197,3.6197
59150341,459,459,2,2.17,2.17,2.17,4.7362,4.7362,4.7362
59150342,461,461,1,1.93,1.93,1.93,4.1929,4.1929,4.1929
59150343,470,470,2,1.78,1.78,1.78,3.796,3.796,3.796
59150344,480,480,1,0.89,0.89,0.89,1.8554,1.8554,1.8554
59150345,597,597,3,1.9,1.9,1.9,3.178,3.178,3.178
59150346,409,409,2,1.78,1.78,1.78,4.3622,4.3622,4.3622
59150347,504,504,3,2.01,2.01,2.01,3.9852,3.9852,3.9852
59150348,529,529,4,2.12,2.12,2.12,4.0107,4.0107,4.0107
59150349,420,420,3,1.23,1.23,1.23,2.9311,2.9311,2.9311
59150350,511,511,3,1.23,1.23,1.23,2.4091,2.4091,2.4091
59150351,459,459,3,1.23,1.23,1.23,2.6821,2.6821,2.6821
59150352,748,748,1,0.22,0.22,0.22,0.3,0.3,0.3
59150353,495,495,1,0.22,0.22,0.22,0.4534,0.4534,0.4534
59150354,525,525,2,1.85,1.85,1.85,3.5306,3.5306,3.5306
59150355,531,531,0,0.0,0.0,0.0,0.0,0.0,0.0
59150356,473,473,1,1.63,1.63,1.63,3.4443,3.4443,3.4443
59150357,919,919,1,0.45,0.45,0.45,0.4874,0.4874,0.4874
59150358,512,512,1,1.63,1.63,1.63,3.182,3.182,3.182
59150359,482,482,3,2.58,2.58,2.58,5.3464,5.3464,5.3464
59150360,611,611,1,0.45,0.45,0.45,0.7331,0.7331,0.7331
59150361,488,488,2,4.75,4.75,4.75,9.7265,9.7265,9.7265
59150362,397,397,2,31.69,24.3,14.3,79.8278,61.2056,36.0167
59150363,515,515,1,4.3,4.3,4.3,8.3469,8.3469,8.3469
59150364,433,433,2,31.69,24.3,14.3,73.1909,56.1169,33.0223
59150365,345,345,2,31.69,24.3,14.3,91.8599,70.4308,41.4453
59150366,861,861,2,4.44,4.44,4.44,5.1563,5.1563,5.1563
59150367,1340,1340,3,31.83,24.44,14.44,23.7557,18.2385,10.7758
59150368,508,508,1,0.14,0.14,0.14,0.2775,0.2775,0.2775
59150369,538,538,2,2.62,2.62,2.62,4.8643,4.8643,4.8643
59150371,548,548,3,5.41,5.41,5.41,9.8749,9.8749,9.8749
59150373,685,685,2,3.57,3.57,3.57,5.2128,5.2128,5.2128
59150375,411,411,0,0.0,0.0,0.0,0.0,0.0,0.0
59150376,459,459,1,1.09,1.09,1.09,2.385,2.385,2.385
59150377,480,480,1,1.62,1.62,1.62,3.3694,3.3694,3.3694
59150378,789,789,0,0.0,0.0,0.0,0.0,0.0,0.0
59150379,573,573,1,1.62,1.62,1.62,2.8225,2.8225,2.8225
59150380,607,607,1,1.62,1.62,1.62,2.6644,2.6644,2.6644
59150381,668,668,1,1.62,1.62,1.62,2.4211,2.4211,2.4211
59150382,598,598,0,0.0,0.0,0.0,0.0,0.0,0.0
59150383,530,530,1,1.62,1.62,1.62,3.0515,3.0515,3.0515
59150384,489,489,0,0.0,0.0,0.0,0.0,0.0,0.0
59150385,486,486,1,13.79,13.79,10.0,28.3654,28.3654,20.5761
59150386,614,614,1,13.79,13.79,10.0,22.4521,22.4521,16.2866
59150387,540,540,1,13.79,13.79,10.0,25.5289,25.5289,18.5185
59150388,816,816,1,13.79,13.79,10.0,16.8941,16.8941,12.2549
59150389,725,725,1,13.79,13.79,10.0,19.0146,19.0146,13.7931
59150390,606,606,1,13.79,13.79,10.0,22.7485,22.7485,16.5017
59150391,526,526,1,13.79,13.79,10.0,26.2084,26.2084,19.0114
59150392,467,467,1,6.9,6.9,6.9,14.7741,14.7741,14.7741
59150393,636,636,2,9.0,9.0,9.0,14.146,14.146,14.146
59150394,614,614,2,9.0,9.0,9.0,14.6528,14.6528,14.6528
59150395,705,705,2,9.0,9.0,9.0,12.7615,12.7615,12.7615
59150396,639,639,1,2.1,2.1,2.1,3.2822,3.2822,3.2822
59150397,411,411,1,2.1,2.1,2.1,5.103,5.103,5.103
59150398,469,469,1,2.1,2.1,2.1,4.472,4.472,4.472
59150399,536,536,1,13.79,13.79,10.0,25.7194,25.7194,18.6567
59150400,767,767,1,13.79,13.79,10.0,17.9734,17.9734,13.0378
59150401,639,639,2,7.2,7.2,7.2,11.2612,11.2612,11.2612
59150402,732,732,1,5.77,5.77,5.77,7.8802,7.8802,7.8802
59150403,646,646,2,7.2,7.2,7.2,11.1391,11.1391,11.1391
59150404,504,504,2,7.2,7.2,7.2,14.2775,14.2775,14.2775
59150405,517,517,1,1.43,1.43,1.43,2.7613,2.7613,2.7613
59150406,702,702,1,5.77,5.77,5.77,8.217,8.217,8.217
59150407,800,800,1,5.77,5.77,5.77,7.2104,7.2104,7.2104
59150408,710,710,2,3.86,3.86,3.86,5.4406,5.4406,5.4406
59150409,480,480,1,2.48,2.48,2.48,5.1585,5.1585,5.1585
59150410,739,739,1,2.48,2.48,2.48,3.3506,3.3506,3.3506
59150412,440,440,1,2.48,2.48,2.48,5.6274,5.6274,5.6274
59150414,583,583,2,7.39,7.39,7.39,12.6683,12.6683,12.6683
59150415,807,807,2,8.24,8.24,8.24,10.2161,10.2161,10.2161
59150416,597,597,2,7.39,7.39,7.39,12.3712,12.3712,12.3712
59150417,539,539,1,5.77,5.77,5.77,10.7019,10.7019,10.7019
59150419,452,452,1,1.62,1.62,1.62,3.5781,3.5781,3.5781
59150420,530,530,1,1.39,1.39,1.39,2.6165,2.6165,2.6165
59150421,630,630,1,1.39,1.39,1.39,2.2012,2.2012,2.2012
59150422,896,896,2,28.78,21.39,11.39,32.1203,23.8691,12.7084
59150423,514,514,1,1.39,1.39,1.39,2.6979,2.6979,2.6979
59150424,883,883,2,28.78,21.39,11.39,32.5932,24.2205,12.8955
59150425,414,414,1,27.39,20.0,10.0,66.1667,48.3092,24.1546
59150426,685,685,2,31.69,24.3,14.3,46.2652,35.4725,20.8739
59150427,553,553,1,4.45,4.45,4.45,8.039,8.039,8.039
59150428,600,600,1,4.45,4.45,4.45,7.4093,7.4093,7.4093
59150429,574,574,1,4.45,4.45,4.45,7.7449,7.7449,7.7449
59150430,524,524,0,0.0,0.0,0.0,0.0,0.0,0.0
59150431,632,632,1,6.14,6.14,6.14,9.7198,9.7198,9.7198
59150432,858,858,2,10.36,10.36,10.36,12.0722,12.0722,12.0722
59150433,466,466,2,6.38,6.38,6.38,13.6879,13.6879,13.6879
59150434,494,494,2,6.38,6.38,6.38,12.9121,12.9121,12.9121
59150435,560,560,1,2.16,2.16,2.16,3.8634,3.8634,3.8634
59150436,873,873,3,8.65,8.65,8.65,9.908,9.908,9.908
59150437,1212,1212,1,2.27,2.27,2.27,1.8739,1.8739,1.8739
59150438,857,857,1,2.27,2.27,2.27,2.6501,2.6501,2.6501
59150439,483,483,2,3.86,3.86,3.86,7.9908,7.9908,7.9908
59150440,682,682,1,2.27,2.27,2.27,3.3302,3.3302,3.3302
59150442,668,668,2,3.86,3.86,3.86,5.7778,5.7778,5.7778
59150443,790,790,2,3.86,3.86,3.86,4.8855,4.8855,4.8855
59150444,737,737,2,14.99,14.99,11.59,20.3349,20.3349,15.7237
59150445,633,633,2,16.32,16.32,12.92,25.7796,25.7796,20.4109
59150446,544,544,2,16.32,16.32,12.92,29.9972,29.9972,23.7502
59150447,826,826,1,13.4,13.4,10.0,16.2208,16.2208,12.1065
59150448,668,668,0,0.0,0.0,0.0,0.0,0.0,0.0
59150449,739,739,0,0.0,0.0,0.0,0.0,0.0,0.0
59150450,627,627,0,0.0,0.0,0.0,0.0,0.0,0.0
59150451,501,501,2,4.31,4.31,4.31,8.596,8.596,8.596
59150452,420,420,2,4.31,4.31,4.31,10.2538,10.2538,10.2538
59150453,586,586,2,4.31,4.31,4.31,7.3492,7.3492,7.3492
59150454,673,673,3,5.58,5.58,5.58,8.2924,8.2924,8.2924
59150455,843,843,3,8.65,8.65,8.65,10.256,10.256,10.256
59150457,743,743,0,0.0,0.0,0.0,0.0,0.0,0.0
59150459,564,564,0,0.0,0.0,0.0,0.0,0.0,0.0
59150460,515,515,0,0.0,0.0,0.0,0.0,0.0,0.0
59150461,352,352,2,5.12,5.12,5.12,14.5462,14.5462,14.5462
59150462,403,403,2,5.12,5.12,5.12,12.7054,12.7054,12.7054
59150463,608,608,1,1.51,1.51,1.51,2.4886,2.4886,2.4886
59150465,554,554,0,0.0,0.0,0.0,0.0,0.0,0.0
59150466,505,505,1,6.9,6.9,6.9,13.6624,13.6624,13.6624
59150468,571,571,1,6.9,6.9,6.9,12.0832,12.0832,12.0832
59150469,599,599,1,6.9,6.9,6.9,11.5184,11.5184,11.5184
59150470,536,536,1,6.9,6.9,6.9,12.8722,12.8722,12.8722
59150471,679,679,0,0.0,0.0,0.0,0.0,0.0,0.0
59150472,492,492,0,0.0,0.0,0.0,0.0,0.0,0.0
59150473,680,680,1,13.79,13.79,10.0,20.2729,20.2729,14.7059
59150474,705,705,0,0.0,0.0,0.0,0.0,0.0,0.0
59150475,762,762,1,13.79,13.79,10.0,18.0913,18.0913,13.1234
59150476,929,929,1,13.79,13.79,10.0,14.8392,14.8392,10.7643
59150477,628,628,1,7.13,7.13,7.13,11.3559,11.3559,11.3559
59150478,792,792,1,7.13,7.13,7.13,9.0044,9.0044,9.0044
59150479,464,464,1,7.13,7.13,7.13,15.3696,15.3696,15.3696
59150480,553,553,1,7.13,7.13,7.13,12.896,12.896,12.896
59150481,434,434,1,7.13,7.13,7.13,16.4321,16.4321,16.4321
59150482,853,853,0,0.0,0.0,0.0,0.0,0.0,0.0
59150483,503,503,0,0.0,0.0,0.0,0.0,0.0,0.0
59150484,689,689,0,0.0,0.0,0.0,0.0,0.0,0.0
59150485,565,565,0,0.0,0.0,0.0,0.0,0.0,0.0
59150486,547,547,1,5.33,5.33,5.33,9.738,9.738,9.738
59150487,810,810,1,5.33,5.33,5.33,6.5762,6.5762,6.5762
59150488,2132,2132,2,5.84,5.84,5.84,2.7393,2.7393,2.7393
59150489,1053,1053,2,5.84,5.84,5.84,5.5463,5.5463,5.5463
59150490,575,575,1,0.51,0.51,0.51,0.8931,0.8931,0.8931
59150491,475,475,1,0.51,0.51,0.51,1.0811,1.0811,1.0811
59150492,603,603,1,0.51,0.51,0.51,0.8516,0.8516,0.8516
59150493,426,426,1,0.9,0.9,0.9,2.1147,2.1147,2.1147
59150494,390,390,1,0.9,0.9,0.9,2.3099,2.3099,2.3099
59150495,624,624,4,1.99,1.99,1.99,3.1911,3.1911,3.1911
59150496,574,574,2,1.32,1.32,1.32,2.3027,2.3027,2.3027
59150497,605,605,2,1.32,1.32,1.32,2.1847,2.1847,2.1847
59150498,612,612,2,1.32,1.32,1.32,2.1598,2.1598,2.1598
59150499,590,590,2,0.69,0.69,0.69,1.1704,1.1704,1.1704
59150500,724,724,3,1.59,1.59,1.59,2.1981,2.1981,2.1981
59150503,592,592,2,0.68,0.68,0.68,1.1461,1.1461,1.1461
59150504,1080,1080,3,11.86,11.86,11.86,10.9848,10.9848,10.9848
59150505,662,662,2,3.33,3.33,3.33,5.0274,5.0274,5.0274
59150506,344,344,2,3.33,3.33,3.33,9.6748,9.6748,9.6748
59150507,522,522,2,1.23,1.23,1.23,2.3601,2.3601,2.3601
59150508,494,494,3,3.62,3.62,3.62,7.3206,7.3206,7.3206
59150509,463,463,2,3.12,3.12,3.12,6.7481,6.7481,6.7481
59150510,453,453,0,0.0,0.0,0.0,0.0,0.0,0.0
59150511,1181,1181,1,0.29,0.29,0.29,0.2441,0.2441,0.2441
59150512,507,507,0,0.0,0.0,0.0,0.0,0.0,0.0
59150513,502,502,1,0.29,0.29,0.29,0.5742,0.5742,0.5742
59150514,587,587,0,0.0,0.0,0.0,0.0,0.0,0.0
59150515,380,380,0,0.0,0.0,0.0,0.0,0.0,0.0
59150516,471,471,0,0.0,0.0,0.0,0.0,0.0,0.0
59150517,410,410,1,0.93,0.93,0.93,2.2804,2.2804,2.2804
59150518,428,428,1,5.04,5.04,5.04,11.7668,11.7668,11.7668
59150519,853,853,2,5.97,5.97,5.97,7.0001,7.0001,7.0001
59150520,1036,1036,1,5.04,5.04,5.04,4.8612,4.8612,4.8612
59150521,637,637,3,9.04,9.04,9.04,14.1911,14.1911,14.1911
59150522,645,645,2,4.0,4.0,4.0,6.2071,6.2071,6.2071
59150523,694,694,2,3.84,3.84,3.84,5.5395,5.5395,5.5395
59150524,541,541,0,0.0,0.0,0.0,0.0,0.0,0.0
59150526,571,571,1,7.13,7.13,7.13,12.4895,12.4895,12.4895
59150527,718,718,1,7.13,7.13,7.13,9.9325,9.9325,9.9325
59150529,562,562,1,1.06,1.06,1.06,1.8777,1.8777,1.8777
59150530,544,544,1,1.06,1.06,1.06,1.9399,1.9399,1.9399
59150531,783,783,2,14.84,14.84,11.06,18.9539,18.9539,14.1191
59150534,521,521,1,53.28,20.0,10.0,102.2736,38.3877,19.1939
59150535,641,641,2,1.42,1.42,1.42,2.2181,2.2181,2.2181
59150536,517,517,2,53.65,20.37,10.37,103.7739,39.3937,20.0513
59150537,560,560,1,0.37,0.37,0.37,0.6545,0.6545,0.6545
59150538,677,677,3,62.22,28.93,18.93,91.8992,42.7344,27.9634
59150539,484,484,1,53.28,20.0,10.0,110.092,41.3223,20.6612
59150540,630,630,2,56.07,22.79,12.79,89.0059,36.1732,20.3002
59150541,787,787,1,2.79,2.79,2.79,3.544,3.544,3.544
59150542,528,528,1,53.28,20.0,10.0,100.9177,37.8788,18.9394
59150543,1525,1525,2,58.02,24.74,14.74,38.0487,16.2228,9.6654
59150544,787,787,1,5.04,5.04,5.04,6.3992,6.3992,6.3992
59150545,931,931,3,80.39,44.74,24.74,86.3434,48.0555,26.5733
59150546,733,733,0,0.0,0.0,0.0,0.0,0.0,0.0
59150547,528,528,1,5.04,5.04,5.04,9.5382,9.5382,9.5382
59150548,352,352,1,5.04,5.04,5.04,14.3073,14.3073,14.3073
59150549,457,457,1,4.03,4.03,4.03,8.8181,8.8181,8.8181
59150550,641,641,1,4.03,4.03,4.03,6.2869,6.2869,6.2869
59150551,476,476,1,4.03,4.03,4.03,8.4661,8.4661,8.4661
59150552,437,437,0,0.0,0.0,0.0,0.0,0.0,0.0
59150553,551,551,0,0.0,0.0,0.0,0.0,0.0,0.0
59150554,483,483,0,0.0,0.0,0.0,0.0,0.0,0.0
59150555,610,610,1,3.0,3.0,3.0,4.9135,4.9135,4.9135
59150556,865,865,2,4.53,4.53,4.53,5.2338,5.2338,5.2338
59150557,602,602,0,0.0,0.0,0.0,0.0,0.0,0.0
59150558,544,544,1,1.53,1.53,1.53,2.8125,2.8125,2.8125
59150559,611,611,2,5.74,5.74,5.74,9.3916,9.3916,9.3916
59150560,562,562,3,3.28,3.28,3.28,5.8306,5.8306,5.8306
59150561,527,527,2,4.46,4.46,4.46,8.4621,8.4621,8.4621
59150562,544,544,1,1.5,1.5,1.5,2.7492,2.7492,2.7492
59150563,661,661,2,3.03,3.03,3.03,4.5772,4.5772,4.5772
59150564,647,647,2,3.03,3.03,3.03,4.6763,4.6763,4.6763
59150565,511,511,1,1.5,1.5,1.5,2.9267,2.9267,2.9267
59150566,563,563,0,0.0,0.0,0.0,0.0,0.0,0.0
59150567,517,517,1,0.92,0.92,0.92,1.7797,1.7797,1.7797
59150568,643,643,2,3.92,3.92,3.92,6.0923,6.0923,6.0923
59150569,864,864,2,4.53,4.53,4.53,5.2398,5.2398,5.2398
59150570,488,488,3,6.02,6.02,6.02,12.3417,12.3417,12.3417
59150571,568,568,2,10.69,10.69,10.69,18.8196,18.8196,18.8196
59150572,337,337,3,11.51,11.51,11.51,34.1447,34.1447,34.1447
59150573,1310,1310,2,8.61,8.61,8.61,6.5744,6.5744,6.5744
59150575,563,563,3,12.0,12.0,12.0,21.3125,21.3125,21.3125
59150577,811,811,1,1.41,1.41,1.41,1.7414,1.7414,1.7414
59150578,504,504,2,6.28,6.28,6.28,12.4542,12.4542,12.4542
59150579,405,405,2,6.28,6.28,6.28,15.4986,15.4986,15.4986
59150580,506,506,1,4.86,4.86,4.86,9.614,9.614,9.614
59150581,390,390,1,4.86,4.86,4.86,12.4735,12.4735,12.4735
59150582,537,537,0,0.0,0.0,0.0,0.0,0.0,0.0
59150583,593,593,2,1.18,1.18,1.18,1.9972,1.9972,1.9972
59150584,604,604,3,7.18,7.18,7.18,11.892,11.892,11.892
59150585,544,544,3,7.18,7.18,7.18,13.2037,13.2037,13.2037
59150586,554,554,3,7.18,7.18,7.18,12.9653,12.9653,12.9653
59150587,570,570,1,6.0,6.0,6.0,10.5235,10.5235,10.5235
59150588,581,581,2,10.24,10.24,10.24,17.6287,17.6287,17.6287
59150589,493,493,1,4.24,4.24,4.24,8.6082,8.6082,8.6082
59150590,552,552,1,4.24,4.24,4.24,7.6881,7.6881,7.6881
59150591,642,642,1,4.24,4.24,4.24,6.6103,6.6103,6.6103
59150592,632,632,1,4.24,4.24,4.24,6.7149,6.7149,6.7149
59150593,589,589,0,0.0,0.0,0.0,0.0,0.0,0.0
59150594,426,426,1,1.71,1.71,1.71,4.0234,4.0234,4.0234
59150595,672,672,1,1.61,1.61,1.61,2.4019,2.4019,2.4019
59150596,489,489,1,1.71,1.71,1.71,3.505,3.505,3.505
59150597,711,711,2,3.33,3.33,3.33,4.6808,4.6808,4.6808
59150598,557,557,1,1.71,1.71,1.71,3.0771,3.0771,3.0771
59150599,597,597,1,1.71,1.71,1.71,2.8709,2.8709,2.8709
59150600,475,475,3,51.18,22.95,12.95,107.7572,48.3143,27.2617
59150601,768,768,3,3.08,3.08,3.08,4.0043,4.0043,4.0043
59150602,427,427,3,3.08,3.08,3.08,7.2021,7.2021,7.2021
59150603,403,403,4,3.29,3.29,3.29,8.1613,8.1613,8.1613
59150604,621,621,3,2.05,2.05,2.05,3.307,3.307,3.307
59150605,486,486,1,1.71,1.71,1.71,3.5267,3.5267,3.5267
59150606,701,701,2,3.12,3.12,3.12,4.4469,4.4469,4.4469
59150607,836,836,5,4.44,4.44,4.44,5.3087,5.3087,5.3087
59150608,566,566,4,2.74,2.74,2.74,4.84,4.84,4.84
59150609,532,532,1,1.4,1.4,1.4,2.6378,2.6378,2.6378
59150610,678,678,1,1.4,1.4,1.4,2.0698,2.0698,2.0698
59150611,689,689,1,6.0,6.0,6.0,8.706,8.706,8.706
59150612,646,646,0,0.0,0.0,0.0,0.0,0.0,0.0
59150613,747,747,1,6.0,6.0,6.0,8.03,8.03,8.03
59150614,662,662,0,0.0,0.0,0.0,0.0,0.0,0.0
59150615,499,499,2,6.33,6.33,6.33,12.6889,12.6889,12.6889
59150616,588,588,1,0.33,0.33,0.33,0.5669,0.5669,0.5669
59150617,544,544,4,7.52,7.52,7.52,13.8164,13.8164,13.8164
59150618,650,650,3,1.52,1.52,1.52,2.3349,2.3349,2.3349
59150619,637,637,3,7.18,7.18,7.18,11.276,11.276,11.276
59150620,559,559,1,0.33,0.33,0.33,0.5963,0.5963,0.5963
59150621,463,463,1,0.33,0.33,0.33,0.7199,0.7199,0.7199
59150622,476,476,2,13.95,13.95,10.33,29.2973,29.2973,21.7087
59150623,494,494,1,0.33,0.33,0.33,0.6747,0.6747,0.6747
59150624,596,596,2,14.4,14.4,10.79,24.1692,24.1692,18.1085
59150625,608,608,2,14.4,14.4,10.79,23.6922,23.6922,17.7511
59150626,605,605,2,14.4,14.4,10.79,23.8097,23.8097,17.8391
59150627,524,524,3,35.75,34.4,20.79,68.2273,65.6581,39.6807
59150628,770,770,3,1.24,1.24,1.24,1.6072,1.6072,1.6072
59150629,605,605,2,1.13,1.13,1.13,1.8611,1.8611,1.8611
59150633,663,663,2,2.1,2.1,2.1,3.1698,3.1698,3.1698
59150634,540,540,1,1.97,1.97,1.97,3.6427,3.6427,3.6427
59150635,583,583,1,1.97,1.97,1.97,3.374,3.374,3.374
59150636,677,677,1,1.97,1.97,1.97,2.9056,2.9056,2.9056
59150637,578,578,1,1.97,1.97,1.97,3.4032,3.4032,3.4032
59150638,660,660,2,3.42,3.42,3.42,5.1791,5.1791,5.1791
59150639,517,517,1,1.97,1.97,1.97,3.8048,3.8048,3.8048
59150640,436,436,1,1.97,1.97,1.97,4.5116,4.5116,4.5116
59150641,642,642,0,0.0,0.0,0.0,0.0,0.0,0.0
59150642,610,610,0,0.0,0.0,0.0,0.0,0.0,0.0
59150643,601,601,0,0.0,0.0,0.0,0.0,0.0,0.0
59150644,598,598,0,0.0,0.0,0.0,0.0,0.0,0.0
59150645,454,454,1,1.45,1.45,1.45,3.1963,3.1963,3.1963
59150646,643,643,0,0.0,0.0,0.0,0.0,0.0,0.0
59150647,594,594,0,0.0,0.0,0.0,0.0,0.0,0.0
59150648,390,390,0,0.0,0.0,0.0,0.0,0.0,0.0
59150649,663,663,1,0.15,0.15,0.15,0.2324,0.2324,0.2324
59150650,459,459,1,0.98,0.98,0.98,2.1322,2.1322,2.1322
59150651,421,421,1,0.98,0.98,0.98,2.3246,2.3246,2.3246
59150652,698,698,1,0.98,0.98,0.98,1.4021,1.4021,1.4021
59150653,482,482,2,6.31,6.31,6.31,13.0998,13.0998,13.0998
59150654,592,592,2,6.31,6.31,6.31,10.6657,10.6657,10.6657
59150655,491,491,2,6.31,6.31,6.31,12.8597,12.8597,12.8597
59150656,494,494,0,0.0,0.0,0.0,0.0,0.0,0.0
59150657,511,511,1,1.45,1.45,1.45,2.8398,2.8398,2.8398
59150658,659,659,2,6.6,6.6,6.6,10.0081,10.0081,10.0081
59150659,619,619,2,2.79,2.79,2.79,4.5049,4.5049,4.5049
59150660,488,488,1,1.53,1.53,1.53,3.1324,3.1324,3.1324
59150661,489,489,2,23.89,21.53,11.53,48.8548,44.0258,23.5759
59150662,414,414,0,0.0,0.0,0.0,0.0,0.0,0.0
59150663,427,427,2,30.05,27.69,17.69,70.3835,64.8532,41.434
59150664,508,508,2,8.59,8.59,8.59,16.9125,16.9125,16.9125
59150665,456,456,1,7.69,7.69,7.69,16.8691,16.8691,16.8691
59150666,427,427,2,25.36,23.0,13.0,59.3879,53.8576,30.4384
59150667,436,436,2,26.39,24.03,14.03,60.5305,55.1144,32.1786
59150668,513,513,2,27.1,24.74,14.74,52.8287,48.2256,28.7324
59150669,340,340,3,31.13,28.77,18.77,91.5618,84.6165,55.2047
59150670,520,520,3,28.63,26.27,16.27,55.0572,50.516,31.2852
59150671,523,523,4,33.7,31.34,21.34,64.4292,59.9141,40.7937
59150672,857,857,1,53.28,20.0,10.0,62.1757,23.3372,11.6686
59150673,946,946,3,59.88,26.6,16.6,63.298,28.1135,17.5427
59150674,549,549,3,7.57,7.57,7.57,13.7961,13.7961,13.7961
59150675,613,613,2,6.31,6.31,6.31,10.3003,10.3003,10.3003
59150676,577,577,0,0.0,0.0,0.0,0.0,0.0,0.0
59150677,531,531,0,0.0,0.0,0.0,0.0,0.0,0.0
59150678,591,591,1,0.14,0.14,0.14,0.2397,0.2397,0.2397
59150679,419,419,2,1.26,1.26,1.26,3.0077,3.0077,3.0077
59150680,712,712,2,1.26,1.26,1.26,1.77,1.77,1.77
59150681,486,486,2,1.26,1.26,1.26,2.5931,2.5931,2.5931
59150682,755,755,3,1.52,1.52,1.52,2.0162,2.0162,2.0162
59150683,532,532,1,0.24,0.24,0.24,0.4556,0.4556,0.4556
59150684,741,741,5,3.0,3.0,3.0,4.0525,4.0525,4.0525
59150685,839,839,3,1.62,1.62,1.62,1.932,1.932,1.932
59150686,365,365,1,1.22,1.22,1.22,3.335,3.335,3.335
59150687,443,443,0,0.0,0.0,0.0,0.0,0.0,0.0
59150688,528,528,0,0.0,0.0,0.0,0.0,0.0,0.0
59150689,450,450,2,13.76,13.76,13.76,30.5757,30.5757,30.5757
59150690,585,585,4,69.75,36.46,26.46,119.23,62.3333,45.2393
59150691,498,498,3,16.46,16.46,16.46,33.0622,33.0622,33.0622
59150692,589,589,1,2.71,2.71,2.71,4.5941,4.5941,4.5941
59150693,432,432,1,2.71,2.71,2.71,6.2637,6.2637,6.2637
59150694,482,482,0,0.0,0.0,0.0,0.0,0.0,0.0
59150695,560,560,1,0.37,0.37,0.37,0.6545,0.6545,0.6545
59150696,534,534,0,0.0,0.0,0.0,0.0,0.0,0.0
59150697,647,647,0,0.0,0.0,0.0,0.0,0.0,0.0
59150698,559,559,1,1.22,1.22,1.22,2.1776,2.1776,2.1776
59150699,469,469,1,1.22,1.22,1.22,2.5955,2.5955,2.5955
59150700,479,479,2,1.46,1.46,1.46,3.0473,3.0473,3.0473
59150701,576,576,3,1.62,1.62,1.62,2.8142,2.8142,2.8142
59150702,451,451,4,1.88,1.88,1.88,4.178,4.178,4.178
59150703,444,444,1,1.22,1.22,1.22,2.7416,2.7416,2.7416
59150704,583,583,5,3.0,3.0,3.0,5.1507,5.1507,5.1507
59150705,624,624,4,1.79,1.79,1.79,2.8615,2.8615,2.8615
59150706,289,289,1,0.26,0.26,0.26,0.9112,0.9112,0.9112
59150707,360,360,1,0.26,0.26,0.26,0.7315,0.7315,0.7315
59150708,880,880,2,1.83,1.83,1.83,2.0779,2.0779,2.0779
59150709,2457,2457,2,1.31,1.31,1.31,0.5324,0.5324,0.5324
59150710,635,635,3,3.16,3.16,3.16,4.9718,4.9718,4.9718
59150711,1102,1102,1,1.04,1.04,1.04,0.948,0.948,0.948
59150712,553,553,2,1.59,1.59,1.59,2.8785,2.8785,2.8785
59150713,481,481,1,1.04,1.04,1.04,2.1719,2.1719,2.1719
59150714,245,245,1,0.55,0.55,0.55,2.2332,2.2332,2.2332
59150715,451,451,3,4.77,4.77,4.77,10.5677,10.5677,10.5677
59150716,418,418,2,1.59,1.59,1.59,3.8082,3.8082,3.8082
59150717,351,351,2,3.72,3.72,3.72,10.6021,10.6021,10.6021
59150718,529,529,2,3.72,3.72,3.72,7.0347,7.0347,7.0347
59150719,447,447,2,3.72,3.72,3.72,8.3252,8.3252,8.3252
59150720,545,545,2,3.72,3.72,3.72,6.8282,6.8282,6.8282
59150721,479,479,2,4.83,4.83,4.83,10.0843,10.0843,10.0843
59150722,484,484,3,5.38,5.38,5.38,11.1106,11.1106,11.1106
59150723,444,444,3,5.38,5.38,5.38,12.1115,12.1115,12.1115
59150724,457,457,2,3.72,3.72,3.72,8.143,8.143,8.143
59150725,504,504,1,1.57,1.57,1.57,3.1056,3.1056,3.1056
59150726,518,518,2,2.11,2.11,2.11,4.0779,4.0779,4.0779
59150727,477,477,1,1.57,1.57,1.57,3.2814,3.2814,3.2814
59150728,502,502,2,1.83,1.83,1.83,3.6426,3.6426,3.6426
59150729,701,701,1,1.57,1.57,1.57,2.2329,2.2329,2.2329
59150730,498,498,1,1.22,1.22,1.22,2.4443,2.4443,2.4443
59150731,627,627,1,1.09,1.09,1.09,1.7459,1.7459,1.7459
59150732,509,509,1,1.09,1.09,1.09,2.1507,2.1507,2.1507
59150733,554,554,1,1.09,1.09,1.09,1.976,1.976,1.976
59150734,782,782,0,0.0,0.0,0.0,0.0,0.0,0.0
59150737,480,480,1,0.97,0.97,0.97,2.0247,2.0247,2.0247
59150738,490,490,2,5.27,5.27,5.27,10.7561,10.7561,10.7561
59150739,398,398,3,5.41,5.41,5.41,13.5966,13.5966,13.5966
59150740,518,518,3,6.43,6.43,6.43,12.4087,12.4087,12.4087
59150741,501,501,3,6.43,6.43,6.43,12.8297,12.8297,12.8297
59150742,558,558,4,6.88,6.88,6.88,12.3219,12.3219,12.3219
59150743,624,624,2,2.13,2.13,2.13,3.4119,3.4119,3.4119
59150744,426,426,3,5.3,5.3,5.3,12.449,12.449,12.449
59150745,621,621,2,2.63,2.63,2.63,4.2319,4.2319,4.2319
59150746,468,468,1,1.57,1.57,1.57,3.3445,3.3445,3.3445
59150747,361,361,3,5.3,5.3,5.3,14.6905,14.6905,14.6905
59150748,534,534,4,5.75,5.75,5.75,10.77,10.77,10.77
59150749,591,591,3,2.33,2.33,2.33,3.9399,3.9399,3.9399
59150750,1128,1128,3,3.09,3.09,3.09,2.7392,2.7392,2.7392
59150751,708,708,8,23.34,23.34,23.24,32.9646,32.9646,32.821
59150752,319,319,4,14.8,14.8,14.7,46.3974,46.3974,46.0787
59150753,261,261,4,14.8,14.8,14.7,56.7079,56.7079,56.3185
59150754,497,497,3,11.82,11.82,11.72,23.7775,23.7775,23.573
59150755,844,844,0,0.0,0.0,0.0,0.0,0.0,0.0
59150756,215,215,2,4.48,4.48,4.48,20.8436,20.8436,20.8436
59150757,1054,1054,4,6.81,6.81,6.81,6.4606,6.4606,6.4606
59150758,495,495,1,0.98,0.98,0.98,1.9796,1.9796,1.9796
59150759,884,884,2,1.79,1.79,1.79,2.0295,2.0295,2.0295
59150760,595,595,1,0.98,0.98,0.98,1.6469,1.6469,1.6469
59150761,774,774,2,4.28,4.28,4.28,5.5345,5.5345,5.5345
59150762,435,435,2,4.28,4.28,4.28,9.8476,9.8476,9.8476
59150763,294,294,2,4.28,4.28,4.28,14.5704,14.5704,14.5704
59150777,1193,1193,3,0.62,0.62,0.62,0.5195,0.5195,0.5195
59150779,1046,1046,4,2.12,2.12,2.12,2.0281,2.0281,2.0281
59150782,480,480,0,0.0,0.0,0.0,0.0,0.0,0.0
59150784,631,631,1,0.9,0.9,0.9,1.4223,1.4223,1.4223
59150785,1905,1905,4,7.06,7.06,7.06,3.7058,3.7058,3.7058
59150786,1165,1165,4,7.72,7.72,7.72,6.6256,6.6256,6.6256
59150787,501,501,4,7.72,7.72,7.72,15.4068,15.4068,15.4068
59150788,719,719,4,5.53,5.53,5.53,7.6968,7.6968,7.6968
59150790,1205,1205,3,6.25,6.25,6.25,5.1908,5.1908,5.1908
59150791,610,610,2,3.9,3.9,3.9,6.3869,6.3869,6.3869
59150792,964,964,2,3.9,3.9,3.9,4.0415,4.0415,4.0415
59150793,914,914,1,3.64,3.64,3.64,3.9877,3.9877,3.9877
59150795,853,853,1,1.17,1.17,1.17,1.3678,1.3678,1.3678
59150816,357,357,2,1.8,1.8,1.8,5.0414,5.0414,5.0414
59150817,433,433,1,9.98,9.98,9.98,23.0485,23.0485,23.0485
59150819,469,469,1,9.98,9.98,9.98,21.2793,21.2793,21.2793
59150820,532,532,2,10.53,10.53,10.53,19.791,19.791,19.791
59150821,470,470,2,13.62,13.62,13.62,28.9888,28.9888,28.9888
59150822,408,408,1,9.98,9.98,9.98,24.4607,24.4607,24.4607
59150823,441,441,1,1.17,1.17,1.17,2.6456,2.6456,2.6456
59150824,449,449,2,13.62,13.62,13.62,30.3447,30.3447,30.3447
59150827,513,513,2,13.62,13.62,13.62,26.559,26.559,26.559
59150828,663,663,2,10.53,10.53,10.53,15.8805,15.8805,15.8805
59150831,627,627,2,10.53,10.53,10.53,16.7923,16.7923,16.7923
59150832,722,722,3,10.75,10.75,10.75,14.8874,14.8874,14.8874
59150837,422,422,1,0.63,0.63,0.63,1.5001,1.5001,1.5001
59150840,419,419,1,0.63,0.63,0.63,1.5109,1.5109,1.5109
59150841,430,430,1,0.63,0.63,0.63,1.4722,1.4722,1.4722
59150845,651,651,1,0.63,0.63,0.63,0.9724,0.9724,0.9724
59150846,799,799,1,0.63,0.63,0.63,0.7923,0.7923,0.7923
59150850,2626,2626,4,4.36,4.36,4.36,1.661,1.661,1.661
59150859,422,422,4,428.74,30.36,20.36,1015.9825,71.9437,48.247
59150861,634,634,4,429.13,30.75,20.75,676.8661,48.4996,32.7267
59150863,581,581,4,429.13,30.75,20.75,738.6112,52.9238,35.7121
59150864,515,515,4,428.74,30.36,20.36,832.5138,58.9519,39.5344
59150865,638,638,3,10.75,10.75,10.75,16.8475,16.8475,16.8475
59150866,550,550,1,0.22,0.22,0.22,0.3999,0.3999,0.3999
59150871,551,551,4,38.72,37.37,23.76,70.2665,67.8233,43.1187
59150872,421,421,4,38.72,37.37,23.76,91.964,88.7663,56.4333
59150873,531,531,4,38.72,37.37,23.76,72.9131,70.3778,44.7428
59150874,612,612,2,14.4,14.4,10.79,23.5374,23.5374,17.6351
59150875,521,521,1,13.61,13.61,10.0,26.127,26.127,19.1939
59150876,574,574,1,13.61,13.61,10.0,23.7146,23.7146,17.4216
59150877,340,340,1,13.61,13.61,10.0,40.0358,40.0358,29.4118
59150878,538,538,1,13.61,13.61,10.0,25.3015,25.3015,18.5874
59150879,711,711,0,0.0,0.0,0.0,0.0,0.0,0.0
59150880,571,571,0,0.0,0.0,0.0,0.0,0.0,0.0
59150881,616,616,5,15.92,15.92,12.3,25.8387,25.8387,19.9747
59150882,710,710,6,16.64,16.64,13.03,23.4397,23.4397,18.3521
59150883,490,490,9,18.7,18.7,15.08,38.1548,38.1548,30.783
59150884,434,434,4,14.51,14.51,10.9,33.4408,33.4408,25.1178
59150885,424,424,4,68.92,40.68,25.95,162.542,95.9492,61.1962
59150886,523,523,2,51.99,23.75,13.75,99.4035,45.4162,26.2957
59150887,524,524,1,3.75,3.75,3.75,7.1616,7.1616,7.1616
59150888,451,451,0,0.0,0.0,0.0,0.0,0.0,0.0
59150889,483,483,1,511.01,20.0,10.0,1057.9983,41.4079,20.7039
59150890,613,613,1,511.01,20.0,10.0,833.6267,32.6264,16.3132
59150891,526,526,1,511.01,20.0,10.0,971.5079,38.0228,19.0114
59150892,409,409,1,1.61,1.61,1.61,3.9464,3.9464,3.9464
59150893,559,559,1,511.01,20.0,10.0,914.1559,35.7782,17.8891
59150894,619,619,2,1.76,1.76,1.76,2.8371,2.8371,2.8371
59150895,527,527,1,511.01,20.0,10.0,969.6645,37.9507,18.9753
59150896,547,547,0,0.0,0.0,0.0,0.0,0.0,0.0
59150897,601,601,2,0.91,0.91,0.91,1.5159,1.5159,1.5159
59150898,521,521,1,0.77,0.77,0.77,1.4759,1.4759,1.4759
59150899,645,645,2,10.97,10.97,10.97,17.0056,17.0056,17.0056
59150900,427,427,1,4.9,4.9,4.9,11.4724,11.4724,11.4724
59150901,454,454,1,4.9,4.9,4.9,10.7901,10.7901,10.7901
59150902,567,567,2,12.41,12.41,12.41,21.8876,21.8876,21.8876
59150903,474,474,1,7.51,7.51,7.51,15.8472,15.8472,15.8472
59150904,476,476,2,12.41,12.41,12.41,26.072,26.072,26.072
59150905,528,528,1,7.51,7.51,7.51,14.2265,14.2265,14.2265
59150906,458,458,0,0.0,0.0,0.0,0.0,0.0,0.0
59150907,630,630,0,0.0,0.0,0.0,0.0,0.0,0.0
59150908,530,530,1,2.43,2.43,2.43,4.582,4.582,4.582
59150909,503,503,1,23.77,20.0,10.0,47.2481,39.7614,19.8807
59150910,474,474,2,534.78,40.0,20.0,1128.2256,84.3882,42.1941
59150911,558,558,2,534.78,40.0,20.0,958.3852,71.6846,35.8423
59150912,483,483,2,534.78,40.0,20.0,1107.2028,82.8157,41.4079
59150913,516,516,3,542.29,47.51,27.51,1050.9506,92.0767,53.317
59150914,460,460,2,518.52,27.51,17.51,1127.2277,59.8078,38.0687
59150915,504,504,1,511.01,20.0,10.0,1013.915,39.6825,19.8413
59150916,457,457,3,521.98,30.97,20.97,1142.1921,67.7651,45.8832
59150917,511,511,3,521.98,30.97,20.97,1021.4908,60.604,41.0345
59150918,437,437,2,514.47,23.46,13.46,1177.2774,53.6775,30.7942
59150919,477,477,2,514.47,23.46,13.46,1078.5539,49.1762,28.2119
59150920,486,486,2,514.47,23.46,13.46,1058.5807,48.2655,27.6894
59150922,443,443,1,511.01,20.0,10.0,1153.5286,45.1467,22.5734
59150923,596,596,1,511.01,20.0,10.0,857.4046,33.557,16.7785
59150924,552,552,1,511.01,20.0,10.0,925.7485,36.2319,18.1159
59150925,564,564,2,514.77,23.75,13.75,912.7054,42.1147,24.3842
59150926,721,721,1,3.75,3.75,3.75,5.2048,5.2048,5.2048
59150927,604,604,2,514.77,23.75,13.75,852.2613,39.3256,22.7693
59150928,473,473,1,511.01,20.0,10.0,1080.3661,42.2833,21.1416
59150929,398,398,1,3.75,3.75,3.75,9.4288,9.4288,9.4288
59150930,434,434,2,4.15,4.15,4.15,9.5616,9.5616,9.5616
59150931,495,495,4,71.44,43.2,28.46,144.3134,87.2723,57.504
59150932,407,407,4,68.08,39.84,25.11,167.2716,97.8973,61.6927
59150933,438,438,3,19.84,19.84,15.11,45.3064,45.3064,34.4952
59150934,435,435,3,517.93,26.91,16.91,1190.6343,61.8684,38.8799
59150935,394,394,1,0.4,0.4,0.4,1.0078,1.0078,1.0078
59150953,556,556,2,3.07,3.07,3.07,5.516,5.516,5.516
59150954,434,434,2,2.68,2.68,2.68,6.1745,6.1745,6.1745
59150955,549,549,2,3.92,3.92,3.92,7.1476,7.1476,7.1476
59150956,605,605,1,2.43,2.43,2.43,4.014,4.014,4.014
59150957,471,471,0,0.0,0.0,0.0,0.0,0.0,0.0
59150958,393,393,0,0.0,0.0,0.0,0.0,0.0,0.0
59150959,543,543,0,0.0,0.0,0.0,0.0,0.0,0.0
59150960,470,470,1,4.9,4.9,4.9,10.4228,10.4228,10.4228
59150961,493,493,1,4.9,4.9,4.9,9.9365,9.9365,9.9365
59150962,458,458,2,5.04,5.04,5.04,10.9939,10.9939,10.9939
59150963,505,505,1,4.9,4.9,4.9,9.7004,9.7004,9.7004
59150964,565,565,1,4.86,4.86,4.86,8.61,8.61,8.61
59150965,436,436,2,5.63,5.63,5.63,12.9211,12.9211,12.9211
59150966,553,553,2,9.11,9.11,9.11,16.4711,16.4711,16.4711
59150967,581,581,1,4.24,4.24,4.24,7.3044,7.3044,7.3044
59150968,564,564,1,4.24,4.24,4.24,7.5245,7.5245,7.5245
59150969,580,580,2,5.01,5.01,5.01,8.6427,8.6427,8.6427
59150970,507,507,1,0.77,0.77,0.77,1.5166,1.5166,1.5166
59150971,502,502,1,4.9,4.9,4.9,9.7584,9.7584,9.7584
59150972,684,684,1,0.14,0.14,0.14,0.2078,0.2078,0.2078
59150973,646,646,2,1.76,1.76,1.76,2.7186,2.7186,2.7186
59150974,543,543,2,1.76,1.76,1.76,3.2342,3.2342,3.2342
59150975,671,671,1,1.61,1.61,1.61,2.4055,2.4055,2.4055
59150976,629,629,1,1.61,1.61,1.61,2.5661,2.5661,2.5661
59150977,804,804,1,1.61,1.61,1.61,2.0076,2.0076,2.0076
59150978,425,425,2,5.04,5.04,5.04,11.8475,11.8475,11.8475
59150979,443,443,2,1.06,1.06,1.06,2.3851,2.3851,2.3851
59150980,500,500,1,0.14,0.14,0.14,0.273,0.273,0.273
59150981,443,443,1,0.92,0.92,0.92,2.077,2.077,2.077
59150982,634,634,1,1.5,1.5,1.5,2.3589,2.3589,2.3589
59150983,630,630,1,0.74,0.74,0.74,1.1745,1.1745,1.1745
59150984,483,483,1,4.21,4.21,4.21,8.7128,8.7128,8.7128
59150985,621,621,1,4.21,4.21,4.21,6.7766,6.7766,6.7766
59150986,484,484,0,0.0,0.0,0.0,0.0,0.0,0.0
59150987,937,937,3,11.86,11.86,11.86,12.6612,12.6612,12.6612
59151198,522,522,1,1.44,1.44,1.44,2.7554,2.7554,2.7554
59151199,443,443,1,1.44,1.44,1.44,3.2468,3.2468,3.2468
59151200,528,528,2,5.05,5.05,5.05,9.556,9.556,9.556
59151201,430,430,2,5.05,5.05,5.05,11.7339,11.7339,11.7339
59151202,408,408,1,3.61,3.61,3.61,8.8412,8.8412,8.8412
59151203,572,572,2,5.12,5.12,5.12,8.9515,8.9515,8.9515
59151204,630,630,1,3.61,3.61,3.61,5.7258,5.7258,5.7258
59151205,274,274,0,0.0,0.0,0.0,0.0,0.0,0.0
59151206,594,594,2,5.12,5.12,5.12,8.62,8.62,8.62
59151207,556,556,1,1.44,1.44,1.44,2.5869,2.5869,2.5869
59151208,814,814,0,0.0,0.0,0.0,0.0,0.0,0.0
59151209,600,600,0,0.0,0.0,0.0,0.0,0.0,0.0
59151211,483,483,2,5.11,5.11,5.11,10.577,10.577,10.577
59151213,656,656,0,0.0,0.0,0.0,0.0,0.0,0.0
59151214,585,585,1,1.13,1.13,1.13,1.9401,1.9401,1.9401
59151215,545,545,1,1.13,1.13,1.13,2.0825,2.0825,2.0825
59151216,667,667,1,1.13,1.13,1.13,1.7016,1.7016,1.7016
59151217,400,400,1,1.13,1.13,1.13,2.8374,2.8374,2.8374
59151219,431,431,1,1.36,1.36,1.36,3.164,3.164,3.164
59151220,479,479,0,0.0,0.0,0.0,0.0,0.0,0.0
59151221,765,765,0,0.0,0.0,0.0,0.0,0.0,0.0
59151222,612,612,0,0.0,0.0,0.0,0.0,0.0,0.0
59151223,704,704,2,13.63,13.63,10.23,19.3572,19.3572,14.5299
59151224,844,844,3,19.13,19.13,15.73,22.6657,22.6657,18.6391
59151225,533,533,1,13.4,13.4,10.0,25.1377,25.1377,18.7617
59151226,691,691,4,17.22,17.22,17.22,24.9181,24.9181,24.9181
59151227,620,620,0,0.0,0.0,0.0,0.0,0.0,0.0
59151228,625,625,2,9.12,9.12,9.12,14.5983,14.5983,14.5983
59151229,857,857,2,90.05,23.62,13.62,105.0791,27.5631,15.8945
59151230,385,385,2,90.05,23.62,13.62,233.9034,61.3547,35.3807
59151231,342,342,1,3.62,3.62,3.62,10.5894,10.5894,10.5894
59151234,259,259,0,0.0,0.0,0.0,0.0,0.0,0.0
59151236,1099,1099,0,0.0,0.0,0.0,0.0,0.0,0.0
59151351,763,763,0,0.0,0.0,0.0,0.0,0.0,0.0
59151352,386,386,2,0.84,0.84,0.84,2.1808,2.1808,2.1808
59151353,453,453,4,3.28,3.28,3.28,7.2322,7.2322,7.2322
59151354,483,483,4,3.03,3.03,3.03,6.281,6.281,6.281
59151355,674,674,3,1.81,1.81,1.81,2.6788,2.6788,2.6788
59151356,1202,1202,1,0.68,0.68,0.68,0.5696,0.5696,0.5696
59151357,647,647,2,1.45,1.45,1.45,2.2463,2.2463,2.2463
59151358,491,491,1,1.27,1.27,1.27,2.5888,2.5888,2.5888
59151359,579,579,0,0.0,0.0,0.0,0.0,0.0,0.0
59151360,558,558,1,6.14,6.14,6.14,11.0088,11.0088,11.0088
59151361,511,511,1,6.14,6.14,6.14,12.0214,12.0214,12.0214
59151362,594,594,0,0.0,0.0,0.0,0.0,0.0,0.0
59151363,641,641,2,11.16,11.16,11.16,17.4081,17.4081,17.4081
59151364,690,690,2,11.16,11.16,11.16,16.1718,16.1718,16.1718
59151365,522,522,1,5.02,5.02,5.02,9.6085,9.6085,9.6085
59151366,508,508,2,11.16,11.16,11.16,21.9657,21.9657,21.9657
59151367,596,596,2,12.6,12.6,12.6,21.1493,21.1493,21.1493
59151368,564,564,2,12.6,12.6,12.6,22.3492,22.3492,22.3492
59151369,693,693,1,7.59,7.59,7.59,10.9514,10.9514,10.9514
59151370,738,738,0,0.0,0.0,0.0,0.0,0.0,0.0
59151371,696,696,1,7.59,7.59,7.59,10.9042,10.9042,10.9042
59151372,549,549,2,8.36,8.36,8.36,15.224,15.224,15.224
59151373,778,778,2,9.09,9.09,9.09,11.6866,11.6866,11.6866
59151407,559,559,3,15.92,15.92,14.08,28.4765,28.4765,25.1899
59151408,439,439,1,3.19,3.19,3.19,7.2576,7.2576,7.2576
59151409,550,550,1,3.19,3.19,3.19,5.7929,5.7929,5.7929
59151410,574,574,1,3.19,3.19,3.19,5.5507,5.5507,5.5507
59151411,746,746,1,3.19,3.19,3.19,4.2709,4.2709,4.2709
59151412,588,588,1,3.19,3.19,3.19,5.4185,5.4185,5.4185
59151413,696,696,1,0.45,0.45,0.45,0.6426,0.6426,0.6426
59151414,962,962,2,3.63,3.63,3.63,3.7769,3.7769,3.7769
59151415,647,647,2,3.5,3.5,3.5,5.4088,5.4088,5.4088
59151416,514,514,2,3.5,3.5,3.5,6.8083,6.8083,6.8083
59151417,486,486,1,0.45,0.45,0.45,0.9202,0.9202,0.9202
59151418,526,526,1,0.45,0.45,0.45,0.8503,0.8503,0.8503
59151419,543,543,1,0.45,0.45,0.45,0.8236,0.8236,0.8236
59151420,586,586,2,3.5,3.5,3.5,5.9718,5.9718,5.9718
59151423,724,724,0,0.0,0.0,0.0,0.0,0.0,0.0
59151424,595,595,1,27.39,20.0,10.0,46.0387,33.6134,16.8067
59151425,589,589,2,31.84,24.45,14.45,54.0553,41.5035,24.5256
59151426,565,565,1,27.39,20.0,10.0,48.4832,35.3982,17.6991
59151427,585,585,1,27.39,20.0,10.0,46.8257,34.188,17.094
59151428,482,482,1,1.63,1.63,1.63,3.38,3.38,3.38
59151429,588,588,2,2.6,2.6,2.6,4.4203,4.4203,4.4203
59151430,433,433,1,0.97,0.97,0.97,2.2401,2.2401,2.2401
59151432,575,575,2,4.02,4.02,4.02,6.9952,6.9952,6.9952
59151433,447,447,3,4.91,4.91,4.91,10.9906,10.9906,10.9906
59151434,442,442,3,4.91,4.91,4.91,11.115,11.115,11.115
59151435,508,508,3,3.49,3.49,3.49,6.8696,6.8696,6.8696
59151436,461,461,3,3.49,3.49,3.49,7.5699,7.5699,7.5699
59151437,387,387,2,2.6,2.6,2.6,6.7161,6.7161,6.7161
59151438,430,430,2,2.52,2.52,2.52,5.8599,5.8599,5.8599
59151439,426,426,2,4.89,4.89,4.89,11.4855,11.4855,11.4855
59151440,416,416,1,4.45,4.45,4.45,10.6865,10.6865,10.6865
59151441,502,502,2,9.46,9.46,9.46,18.8471,18.8471,18.8471
59151442,535,535,1,5.02,5.02,5.02,9.3751,9.3751,9.3751
59151443,499,499,1,7.59,7.59,7.59,15.209,15.209,15.209
59151444,923,923,1,7.59,7.59,7.59,8.2224,8.2224,8.2224
59151448,664,664,2,11.16,11.16,11.16,16.8051,16.8051,16.8051
59151449,528,528,2,11.16,11.16,11.16,21.1337,21.1337,21.1337
59151450,671,671,2,10.36,10.36,10.36,15.4366,15.4366,15.4366
59151451,690,690,2,10.36,10.36,10.36,15.0115,15.0115,15.0115
59151452,562,562,2,10.36,10.36,10.36,18.4305,18.4305,18.4305
59151453,572,572,2,10.36,10.36,10.36,18.1083,18.1083,18.1083
59151454,580,580,1,1.27,1.27,1.27,2.1915,2.1915,2.1915
59151455,893,893,1,1.27,1.27,1.27,1.4234,1.4234,1.4234
59151456,760,760,2,10.36,10.36,10.36,13.6289,13.6289,13.6289
59151457,485,485,1,2.27,2.27,2.27,4.6828,4.6828,4.6828
59151458,599,599,1,1.27,1.27,1.27,2.122,2.122,2.122
59151459,524,524,1,1.27,1.27,1.27,2.4258,2.4258,2.4258
59151460,434,434,1,1.27,1.27,1.27,2.9288,2.9288,2.9288
59151461,591,591,1,1.27,1.27,1.27,2.1508,2.1508,2.1508
59151463,369,369,4,4.25,4.25,4.25,11.5206,11.5206,11.5206
59151464,495,495,2,2.0,2.0,2.0,4.0342,4.0342,4.0342
59151465,536,536,4,3.28,3.28,3.28,6.1123,6.1123,6.1123
59151467,514,514,4,3.28,3.28,3.28,6.3739,6.3739,6.3739
59151469,723,723,1,86.43,20.0,10.0,119.5453,27.6625,13.8313
59151470,678,678,0,0.0,0.0,0.0,0.0,0.0,0.0
59151471,658,658,0,0.0,0.0,0.0,0.0,0.0,0.0
59151472,603,603,0,0.0,0.0,0.0,0.0,0.0,0.0
59151473,679,679,1,13.4,13.4,10.0,19.7325,19.7325,14.7275
59151474,630,630,1,13.4,13.4,10.0,21.2673,21.2673,15.873
59151475,747,747,1,13.4,13.4,10.0,17.9363,17.9363,13.3869
59151476,767,767,0,0.0,0.0,0.0,0.0,0.0,0.0
59151477,856,856,1,86.43,20.0,10.0,100.9711,23.3645,11.6822
59151478,679,679,1,13.4,13.4,10.0,19.7325,19.7325,14.7275
59151479,618,618,1,13.4,13.4,10.0,21.6803,21.6803,16.1812
59151483,597,597,0,0.0,0.0,0.0,0.0,0.0,0.0
59151484,410,410,1,1.27,1.27,1.27,3.1002,3.1002,3.1002
59151485,612,612,3,15.92,15.92,14.08,26.0104,26.0104,23.0084
59151486,735,735,3,15.92,15.92,14.08,21.6576,21.6576,19.158
59152941,4198,4198,7,44.54,26.33,16.33,10.6089,6.2722,3.8901
59152942,1468,1468,6,41.41,23.2,13.2,28.2072,15.8057,8.9937
59152943,626,626,4,52.94,34.73,24.73,84.5635,55.4815,39.5071
59152944,646,646,1,1.36,1.36,1.36,2.111,2.111,2.111
59152945,1307,1307,2,5.73,5.73,5.73,4.3852,4.3852,4.3852
59152946,833,833,3,16.99,16.99,16.99,20.3953,20.3953,20.3953
59153075,423,423,2,1.12,1.12,1.12,2.6496,2.6496,2.6496
59153076,237,237,1,0.77,0.77,0.77,3.2433,3.2433,3.2433
59153077,440,440,2,1.45,1.45,1.45,3.3031,3.3031,3.3031
59153078,695,695,1,0.77,0.77,0.77,1.106,1.106,1.106
59153079,514,514,2,1.45,1.45,1.45,2.8275,2.8275,2.8275
59153080,539,539,1,0.77,0.77,0.77,1.4261,1.4261,1.4261
59153081,442,442,0,0.0,0.0,0.0,0.0,0.0,0.0
59153082,356,356,1,3.83,3.83,3.83,10.771,10.771,10.771
59153083,337,337,1,3.83,3.83,3.83,11.3783,11.3783,11.3783
59153084,637,637,2,5.12,5.12,5.12,8.0381,8.0381,8.0381
59153085,552,552,2,5.12,5.12,5.12,9.2759,9.2759,9.2759
59153086,660,660,2,5.12,5.12,5.12,7.758,7.758,7.758
59153087,797,797,0,0.0,0.0,0.0,0.0,0.0,0.0
59153088,688,688,0,0.0,0.0,0.0,0.0,0.0,0.0
59153089,787,787,0,0.0,0.0,0.0,0.0,0.0,0.0
59153090,785,785,0,0.0,0.0,0.0,0.0,0.0,0.0
59153091,587,587,0,0.0,0.0,0.0,0.0,0.0,0.0
59153092,451,451,1,1.44,1.44,1.44,3.1892,3.1892,3.1892
59153093,659,659,1,1.44,1.44,1.44,2.1826,2.1826,2.1826
59153094,487,487,0,0.0,0.0,0.0,0.0,0.0,0.0
59153095,588,588,1,1.44,1.44,1.44,2.4461,2.4461,2.4461
59153096,592,592,0,0.0,0.0,0.0,0.0,0.0,0.0
59153097,1252,1252,2,5.84,5.84,5.84,4.6647,4.6647,4.6647
59153098,488,488,0,0.0,0.0,0.0,0.0,0.0,0.0
59153123,587,587,0,0.0,0.0,0.0,0.0,0.0,0.0
59153124,306,306,1,13.61,13.61,10.0,44.4843,44.4843,32.6797
59153132,1360,1360,3,3.71,3.71,3.71,2.7274,2.7274,2.7274
59153133,666,666,1,0.15,0.15,0.15,0.2313,0.2313,0.2313
59153134,604,604,0,0.0,0.0,0.0,0.0,0.0,0.0
59153135,855,855,0,0.0,0.0,0.0,0.0,0.0,0.0
59153136,993,993,0,0.0,0.0,0.0,0.0,0.0,0.0
59153137,647,647,0,0.0,0.0,0.0,0.0,0.0,0.0
59153138,546,546,0,0.0,0.0,0.0,0.0,0.0,0.0
59153139,486,486,0,0.0,0.0,0.0,0.0,0.0,0.0
59153140,810,810,1,1.97,1.97,1.97,2.4285,2.4285,2.4285
59153144,796,796,2,7.4,7.4,7.4,9.2954,9.2954,9.2954
59153151,632,632,1,1.4,1.4,1.4,2.2206,2.2206,2.2206
59153152,939,939,0,0.0,0.0,0.0,0.0,0.0,0.0
59153153,905,905,0,0.0,0.0,0.0,0.0,0.0,0.0
59153154,805,805,0,0.0,0.0,0.0,0.0,0.0,0.0
59153155,763,763,1,0.14,0.14,0.14,0.1857,0.1857,0.1857
59153156,317,317,1,1.12,1.12,1.12,3.5286,3.5286,3.5286
59153157,597,597,2,2.52,2.52,2.52,4.2245,4.2245,4.2245
59153158,793,793,1,1.4,1.4,1.4,1.7698,1.7698,1.7698
59153159,652,652,1,1.4,1.4,1.4,2.1525,2.1525,2.1525
59153160,739,739,1,1.12,1.12,1.12,1.5136,1.5136,1.5136
59153161,551,551,3,1.54,1.54,1.54,2.8007,2.8007,2.8007
59153162,528,528,3,1.54,1.54,1.54,2.9227,2.9227,2.9227
59153163,396,396,1,1.4,1.4,1.4,3.544,3.544,3.544
59153164,2058,2058,1,1.04,1.04,1.04,0.5076,0.5076,0.5076
59153165,499,499,1,1.04,1.04,1.04,2.0936,2.0936,2.0936
59153166,1072,1072,3,6.46,6.46,6.46,6.0222,6.0222,6.0222
59153167,606,606,2,6.31,6.31,6.31,10.4193,10.4193,10.4193
59153168,1139,1139,2,4.04,4.04,4.04,3.5478,3.5478,3.5478
59153171,744,744,2,13.62,13.62,13.62,18.3128,18.3128,18.3128
59153172,571,571,3,13.88,13.88,13.88,24.3012,24.3012,24.3012
59153181,977,977,1,0.98,0.98,0.98,1.003,1.003,1.003
59153182,429,429,1,0.98,0.98,0.98,2.2841,2.2841,2.2841
59153183,647,647,2,2.19,2.19,2.19,3.3862,3.3862,3.3862
59153184,677,677,3,2.7,2.7,2.7,3.9818,3.9818,3.9818
59153185,458,458,3,11.82,11.82,11.72,25.8023,25.8023,25.5803
59153186,472,472,3,11.82,11.82,11.72,25.0369,25.0369,24.8216
59153187,889,889,3,11.82,11.82,11.72,13.293,13.293,13.1786
59153188,225,225,3,11.82,11.82,11.72,52.5219,52.5219,52.0702
59153189,506,506,2,11.69,11.69,11.58,23.0955,23.0955,22.8946
59153190,657,657,2,1.83,1.83,1.83,2.7788,2.7788,2.7788
59153191,505,505,3,2.72,2.72,2.72,5.3845,5.3845,5.3845
59153192,488,488,2,1.83,1.83,1.83,3.7411,3.7411,3.7411
59153193,720,720,2,1.83,1.83,1.83,2.5356,2.5356,2.5356
59153194,361,361,1,0.24,0.24,0.24,0.6676,0.6676,0.6676
59153195,371,371,0,0.0,0.0,0.0,0.0,0.0,0.0
59153196,499,499,2,1.83,1.83,1.83,3.6586,3.6586,3.6586
59153197,476,476,0,0.0,0.0,0.0,0.0,0.0,0.0
59153198,527,527,3,2.15,2.15,2.15,4.0837,4.0837,4.0837
59153199,453,453,2,1.92,1.92,1.92,4.2316,4.2316,4.2316
59153200,669,669,2,3.6,3.6,3.6,5.383,5.383,5.383
59153201,556,556,2,3.6,3.6,3.6,6.4771,6.4771,6.4771
59153202,460,460,3,2.15,2.15,2.15,4.6785,4.6785,4.6785
59153203,554,554,4,2.41,2.41,2.41,4.3491,4.3491,4.3491
59153204,404,404,4,2.41,2.41,2.41,5.9638,5.9638,5.9638
59153205,388,388,4,2.41,2.41,2.41,6.2098,6.2098,6.2098
59153206,569,569,4,0.9,0.9,0.9,1.5828,1.5828,1.5828
59153207,486,486,4,0.79,0.79,0.79,1.6188,1.6188,1.6188
59153208,611,611,4,0.9,0.9,0.9,1.474,1.474,1.474
59153209,470,470,4,3.32,3.32,3.32,7.0645,7.0645,7.0645
59153210,515,515,5,3.38,3.38,3.38,6.5692,6.5692,6.5692
59153211,462,462,5,4.7,4.7,4.7,10.1707,10.1707,10.1707
59153212,425,425,3,6.18,6.18,6.18,14.5514,14.5514,14.5514
59153213,596,596,4,6.72,6.72,6.72,11.2703,11.2703,11.2703
59153214,658,658,6,5.11,5.11,5.11,7.7646,7.7646,7.7646
59153215,990,990,6,27.25,27.25,26.62,27.5262,27.5262,26.8856
59153216,789,789,4,11.86,11.86,11.86,15.0362,15.0362,15.0362
59153217,545,545,2,3.42,3.42,3.42,6.2672,6.2672,6.2672
59153218,478,478,1,1.67,1.67,1.67,3.4902,3.4902,3.4902
59153219,513,513,1,1.67,1.67,1.67,3.2521,3.2521,3.2521
59153220,409,409,2,3.12,3.12,3.12,7.6254,7.6254,7.6254
59153221,607,607,2,3.6,3.6,3.6,5.9329,5.9329,5.9329
59153222,679,679,2,3.6,3.6,3.6,5.3037,5.3037,5.3037
59153223,483,483,2,2.17,2.17,2.17,4.5009,4.5009,4.5009
59153224,791,791,0,0.0,0.0,0.0,0.0,0.0,0.0
59153225,584,584,0,0.0,0.0,0.0,0.0,0.0,0.0
59153226,634,634,1,3.05,3.05,3.05,4.8143,4.8143,4.8143
59153227,697,697,1,4.2,4.2,4.2,6.027,6.027,6.027
59153228,508,508,0,0.0,0.0,0.0,0.0,0.0,0.0
59153229,574,574,0,0.0,0.0,0.0,0.0,0.0,0.0
59153230,748,748,4,14.65,14.65,14.65,19.5877,19.5877,19.5877
59153231,477,477,3,2.03,2.03,2.03,4.2455,4.2455,4.2455
59153232,561,561,4,3.48,3.48,3.48,6.2067,6.2067,6.2067
59153246,1082,1082,0,0.0,0.0,0.0,0.0,0.0,0.0
59153249,722,722,4,69.75,36.46,26.46,96.606,50.5055,36.6551
59153250,493,493,1,53.28,20.0,10.0,108.0822,40.568,20.284
59153251,877,877,2,60.82,27.53,17.53,69.3481,31.3954,19.9929
59153252,688,688,1,7.53,7.53,7.53,10.9502,10.9502,10.9502
59153253,437,437,3,4.32,4.32,4.32,9.8797,9.8797,9.8797
59153254,387,387,2,2.87,2.87,2.87,7.4065,7.4065,7.4065
59153255,637,637,1,1.41,1.41,1.41,2.217,2.217,2.217
59153256,548,548,2,2.66,2.66,2.66,4.8474,4.8474,4.8474
59153257,619,619,1,1.97,1.97,1.97,3.1778,3.1778,3.1778
59153258,606,606,1,1.97,1.97,1.97,3.246,3.246,3.246
59153259,532,532,0,0.0,0.0,0.0,0.0,0.0,0.0
59153261,664,664,2,12.17,12.17,12.17,18.3248,18.3248,18.3248
59153262,869,869,1,0.93,0.93,0.93,1.0759,1.0759,1.0759
59153263,652,652,1,5.33,5.33,5.33,8.1698,8.1698,8.1698
59153264,405,405,1,5.27,5.27,5.27,13.0044,13.0044,13.0044
59153265,597,597,1,5.27,5.27,5.27,8.8221,8.8221,8.8221
59153266,836,836,1,5.27,5.27,5.27,6.3,6.3,6.3
59153267,697,697,1,0.93,0.93,0.93,1.3414,1.3414,1.3414
59153268,571,571,1,5.27,5.27,5.27,9.2238,9.2238,9.2238
59153269,418,418,1,5.27,5.27,5.27,12.6,12.6,12.6
59153270,510,510,1,5.27,5.27,5.27,10.327,10.327,10.327
59153271,570,570,1,0.29,0.29,0.29,0.5057,0.5057,0.5057
59153272,539,539,1,0.94,0.94,0.94,1.7508,1.7508,1.7508
59153273,671,671,0,0.0,0.0,0.0,0.0,0.0,0.0
59153274,675,675,0,0.0,0.0,0.0,0.0,0.0,0.0
59153275,642,642,2,0.68,0.68,0.68,1.0568,1.0568,1.0568
59153276,588,588,1,5.27,5.27,5.27,8.9571,8.9571,8.9571
59153277,456,456,1,0.9,0.9,0.9,1.9756,1.9756,1.9756
59153278,400,400,1,0.9,0.9,0.9,2.2522,2.2522,2.2522
59153279,500,500,1,5.27,5.27,5.27,10.5336,10.5336,10.5336
59153280,630,630,1,7.13,7.13,7.13,11.3199,11.3199,11.3199
59153281,671,671,1,7.13,7.13,7.13,10.6282,10.6282,10.6282
59153282,608,608,1,6.9,6.9,6.9,11.3478,11.3478,11.3478
59153283,593,593,2,7.37,7.37,7.37,12.4311,12.4311,12.4311
59153284,507,507,1,0.47,0.47,0.47,0.9312,0.9312,0.9312
59153285,526,526,1,0.47,0.47,0.47,0.8976,0.8976,0.8976
59153286,395,395,2,9.82,9.82,9.82,24.8597,24.8597,24.8597
59153287,702,702,1,6.9,6.9,6.9,9.8283,9.8283,9.8283
59153288,724,724,1,6.9,6.9,6.9,9.5297,9.5297,9.5297
59153289,570,570,1,2.92,2.92,2.92,5.123,5.123,5.123
59153290,667,667,2,5.02,5.02,5.02,7.5224,7.5224,7.5224
59153291,662,662,1,2.1,2.1,2.1,3.1682,3.1682,3.1682
59153292,675,675,1,2.92,2.92,2.92,4.3261,4.3261,4.3261
59153293,491,491,0,0.0,0.0,0.0,0.0,0.0,0.0
59153295,738,738,1,2.92,2.92,2.92,3.9568,3.9568,3.9568
59153296,686,686,1,1.43,1.43,1.43,2.081,2.081,2.081
59153297,1017,1017,2,3.52,3.52,3.52,3.466,3.466,3.466
59153298,612,612,1,1.43,1.43,1.43,2.3326,2.3326,2.3326
59153299,565,565,2,7.2,7.2,7.2,12.7361,12.7361,12.7361
59153300,486,486,1,1.43,1.43,1.43,2.9374,2.9374,2.9374
59153301,437,437,0,0.0,0.0,0.0,0.0,0.0,0.0
59153302,470,470,0,0.0,0.0,0.0,0.0,0.0,0.0
59153303,481,481,0,0.0,0.0,0.0,0.0,0.0,0.0
59153304,1421,1421,1,2.16,2.16,2.16,1.5225,1.5225,1.5225
59153305,779,779,2,3.55,3.55,3.55,4.5574,4.5574,4.5574
59153306,864,864,1,2.16,2.16,2.16,2.5041,2.5041,2.5041
59153307,436,436,2,3.55,3.55,3.55,8.1428,8.1428,8.1428
59153308,741,741,1,2.16,2.16,2.16,2.9197,2.9197,2.9197
59153370,911,911,2,13.62,13.62,13.62,14.9558,14.9558,14.9558
59153371,842,842,2,13.62,13.62,13.62,16.1814,16.1814,16.1814
59153372,957,957,3,10.75,10.75,10.75,11.2317,11.2317,11.2317
59153373,1305,1305,3,10.75,10.75,10.75,8.2366,8.2366,8.2366
59153394,1238,1238,3,428.58,30.2,20.2,346.1909,24.3941,16.3166
59153400,903,903,2,13.62,13.62,13.62,15.0883,15.0883,15.0883
59153464,1622,1622,3,1.34,1.34,1.34,0.828,0.828,0.828
59153466,693,693,3,0.76,0.76,0.76,1.0952,1.0952,1.0952
59153467,970,970,3,1.34,1.34,1.34,1.3846,1.3846,1.3846
59153469,1035,1035,4,6.49,6.49,6.49,6.2689,6.2689,6.2689
59153470,853,853,6,7.53,7.53,7.53,8.8219,8.8219,8.8219
59153471,1359,1359,5,6.63,6.63,6.63,4.8769,4.8769,4.8769
59153472,431,431,4,3.08,3.08,3.08,7.1363,7.1363,7.1363
59153473,502,502,3,2.94,2.94,2.94,5.8495,5.8495,5.8495
59153474,908,908,2,2.03,2.03,2.03,2.2312,2.2312,2.2312
59153476,727,727,4,2.55,2.55,2.55,3.5021,3.5021,3.5021
59153477,489,489,3,1.91,1.91,1.91,3.9119,3.9119,3.9119
59153479,1126,1126,1,0.63,0.63,0.63,0.5622,0.5622,0.5622
59153480,676,676,2,1.59,1.59,1.59,2.3488,2.3488,2.3488
59153481,935,935,2,4.16,4.16,4.16,4.4464,4.4464,4.4464
59153482,699,699,2,4.16,4.16,4.16,5.9476,5.9476,5.9476
59153483,869,869,1,0.1,0.1,0.1,0.1186,0.1186,0.1186
59153490,1574,1574,1,4.21,4.21,4.21,2.6737,2.6737,2.6737
59153491,1056,1056,2,42.41,24.21,14.21,40.1646,22.9247,13.455
59153492,588,588,1,4.21,4.21,4.21,7.1573,7.1573,7.1573
59153498,728,728,2,2.78,2.78,2.78,3.8164,3.8164,3.8164
59153499,1132,1132,2,2.0,2.0,2.0,1.7641,1.7641,1.7641
59153500,429,429,4,4.25,4.25,4.25,9.9093,9.9093,9.9093
59153539,1176,1176,1,7.87,7.87,7.87,6.6882,6.6882,6.6882
59153540,578,578,1,7.87,7.87,7.87,13.6079,13.6079,13.6079
59153552,938,938,3,1.1,1.1,1.1,1.1721,1.1721,1.1721
59153553,538,538,3,1.1,1.1,1.1,2.0435,2.0435,2.0435
59153562,440,440,4,6.49,6.49,6.49,14.7462,14.7462,14.7462
59153578,630,630,2,3.69,3.69,3.69,5.8629,5.8629,5.8629
59153579,506,506,1,3.3,3.3,3.3,6.5293,6.5293,6.5293
59153580,835,835,1,0.81,0.81,0.81,0.9751,0.9751,0.9751
59153581,694,694,2,4.12,4.12,4.12,5.9338,5.9338,5.9338
59153582,1396,1396,2,5.03,5.03,5.03,3.6059,3.6059,3.6059
59153583,1001,1001,3,5.42,5.42,5.42,5.4182,5.4182,5.4182
59153585,1256,1256,3,5.31,5.31,5.31,4.2288,4.2288,4.2288
59153586,1105,1105,6,433.47,35.08,25.08,392.277,31.7482,22.6984
59153587,750,750,3,422.63,24.25,14.25,563.5124,32.3332,18.9999
59153588,883,883,3,422.63,24.25,14.25,478.6345,27.4631,16.1381
59153589,905,905,3,422.63,24.25,14.25,466.9992,26.7955,15.7457
59153590,430,430,2,0.38,0.38,0.38,0.8843,0.8843,0.8843
59153591,867,867,3,428.52,30.14,20.14,494.2615,34.7639,23.2299
59153668,351,351,1,0.63,0.63,0.63,1.8036,1.8036,1.8036
59153669,347,347,2,1.8,1.8,1.8,5.1866,5.1866,5.1866
59153670,677,677,2,1.8,1.8,1.8,2.6584,2.6584,2.6584
59153671,403,403,2,1.8,1.8,1.8,4.4659,4.4659,4.4659
59153672,637,637,2,1.8,1.8,1.8,2.8254,2.8254,2.8254
59153673,667,667,2,1.8,1.8,1.8,2.6983,2.6983,2.6983
59153674,609,609,2,1.8,1.8,1.8,2.9553,2.9553,2.9553
59153675,695,695,1,1.17,1.17,1.17,1.6787,1.6787,1.6787
59153676,788,788,2,1.8,1.8,1.8,2.284,2.284,2.284
59153677,429,429,0,0.0,0.0,0.0,0.0,0.0,0.0
59153678,603,603,1,1.17,1.17,1.17,1.9348,1.9348,1.9348
59153679,967,967,1,1.17,1.17,1.17,1.2065,1.2065,1.2065
59153680,784,784,1,1.17,1.17,1.17,1.4882,1.4882,1.4882
59153681,948,948,1,1.17,1.17,1.17,1.2307,1.2307,1.2307
59153682,683,683,0,0.0,0.0,0.0,0.0,0.0,0.0
59153683,1302,1302,1,1.17,1.17,1.17,0.8961,0.8961,0.8961
59153684,779,779,1,1.17,1.17,1.17,1.4977,1.4977,1.4977
59153685,483,483,2,21.64,20.29,10.29,44.8043,42.0171,21.3132
59153686,886,886,5,25.48,24.13,14.13,28.7583,27.2388,15.9521
59153687,621,621,4,3.97,3.97,3.97,6.3991,6.3991,6.3991
59153688,822,822,3,3.84,3.84,3.84,4.6707,4.6707,4.6707
59153689,775,775,5,11.24,11.24,11.24,14.5013,14.5013,14.5013
59153690,439,439,2,7.4,7.4,7.4,16.8545,16.8545,16.8545
59153691,542,542,1,7.25,7.25,7.25,13.3673,13.3673,13.3673
59153692,1428,1428,1,7.25,7.25,7.25,5.0736,5.0736,5.0736
59153799,268,268,0,0.0,0.0,0.0,0.0,0.0,0.0
59153800,458,458,0,0.0,0.0,0.0,0.0,0.0,0.0
59153801,326,326,1,1.27,1.27,1.27,3.9086,3.9086,3.9086
59153805,729,729,2,1.75,1.75,1.75,2.3955,2.3955,2.3955
59153806,616,616,1,1.27,1.27,1.27,2.0685,2.0685,2.0685
59153807,405,405,1,1.51,1.51,1.51,3.7359,3.7359,3.7359
59153809,815,815,2,8.41,8.41,8.41,10.3221,10.3221,10.3221
59153810,348,348,3,4.44,4.44,4.44,12.7675,12.7675,12.7675
59153812,493,493,3,11.51,11.51,11.51,23.3403,23.3403,23.3403
59153814,345,345,1,2.48,2.48,2.48,7.177,7.177,7.177
59153815,660,660,2,7.39,7.39,7.39,11.1903,11.1903,11.1903
59153816,401,401,1,1.09,1.09,1.09,2.7299,2.7299,2.7299
59153818,802,802,2,3.57,3.57,3.57,4.4523,4.4523,4.4523
59153821,418,418,0,0.0,0.0,0.0,0.0,0.0,0.0
59153825,731,731,2,4.02,4.02,4.02,5.5024,5.5024,5.5024
59153826,483,483,1,0.97,0.97,0.97,2.0082,2.0082,2.0082
59153831,755,755,3,87.71,21.28,11.28,116.1729,28.1845,14.9395
59153833,383,383,2,4.46,4.46,4.46,11.6512,11.6512,11.6512
59153835,303,303,2,4.25,4.25,4.25,14.0261,14.0261,14.0261
59153836,291,291,3,4.88,4.88,4.88,16.776,16.776,16.776
59153838,327,327,2,1.26,1.26,1.26,3.8684,3.8684,3.8684
59153839,1379,1379,2,0.79,0.79,0.79,0.5753,0.5753,0.5753
59153843,2188,2188,3,0.62,0.62,0.62,0.2832,0.2832,0.2832
59153847,1609,1609,2,1.07,1.07,1.07,0.666,0.666,0.666
59153849,1052,1052,1,1.17,1.17,1.17,1.109,1.109,1.109
59153851,373,373,1,0.9,0.9,0.9,2.4061,2.4061,2.4061
59153852,1658,1658,1,0.25,0.25,0.25,0.1515,0.1515,0.1515
59153955,1326,1326,3,10.75,10.75,10.75,8.1061,8.1061,8.1061
59153956,939,939,1,0.63,0.63,0.63,0.6742,0.6742,0.6742
59153986,1362,1362,5,423.59,25.21,15.21,311.0077,18.5081,11.166
59153987,1500,1500,6,9.84,9.84,9.84,6.5588,6.5588,6.5588
59153988,1257,1257,3,7.18,7.18,7.18,5.7142,5.7142,5.7142
59153989,521,521,3,7.18,7.18,7.18,13.7865,13.7865,13.7865
59153990,696,696,3,7.18,7.18,7.18,10.3201,10.3201,10.3201
59153991,1451,1451,2,1.18,1.18,1.18,0.8162,0.8162,0.8162
59153994,636,636,2,4.16,4.16,4.16,6.5367,6.5367,6.5367
59153995,196,196,4,4.36,4.36,4.36,22.2543,22.2543,22.2543
59153996,797,797,3,4.26,4.26,4.26,5.3435,5.3435,5.3435
59153997,1173,1173,3,4.26,4.26,4.26,3.6307,3.6307,3.6307
59154000,3103,3103,5,8.93,8.93,8.93,2.8771,2.8771,2.8771
59154002,1285,1285,4,8.54,8.54,8.54,6.6445,6.6445,6.6445
59154026,58,58,2,0.66,0.66,0.66,11.3363,11.3363,11.3363
59154027,1577,1577,2,0.45,0.45,0.45,0.2826,0.2826,0.2826
59154134,1483,1483,4,1.52,1.52,1.52,1.023,1.023,1.023
59154135,1046,1046,4,1.52,1.52,1.52,1.4505,1.4505,1.4505
59154136,988,988,4,3.28,3.28,3.28,3.316,3.316,3.316
59154137,1034,1034,4,3.28,3.28,3.28,3.1685,3.1685,3.1685
59154138,1118,1118,4,3.28,3.28,3.28,2.9304,2.9304,2.9304
59154139,1703,1703,3,87.71,21.28,11.28,51.5035,12.4952,6.6232
59154140,1451,1451,3,6.25,6.25,6.25,4.3108,4.3108,4.3108
59154141,1546,1546,3,6.16,6.16,6.16,3.9858,3.9858,3.9858
59154142,1444,1444,3,6.82,6.82,6.82,4.7239,4.7239,4.7239
59154143,844,844,1,0.31,0.31,0.31,0.3629,0.3629,0.3629
59154144,1309,1309,2,0.57,0.57,0.57,0.4385,0.4385,0.4385
59154145,890,890,3,0.71,0.71,0.71,0.8015,0.8015,0.8015
59154146,1156,1156,3,0.76,0.76,0.76,0.6579,0.6579,0.6579
59154147,655,655,1,0.9,0.9,0.9,1.3702,1.3702,1.3702
59154148,855,855,3,6.81,6.81,6.81,7.9629,7.9629,7.9629
59154149,497,497,4,7.72,7.72,7.72,15.5308,15.5308,15.5308
59154150,342,342,2,8.19,8.19,8.19,23.938,23.938,23.938
59154152,273,273,1,1.06,1.06,1.06,3.8655,3.8655,3.8655
59154154,536,536,1,1.06,1.06,1.06,1.9688,1.9688,1.9688
59154156,996,996,1,2.48,2.48,2.48,2.486,2.486,2.486
59154157,407,407,1,2.48,2.48,2.48,6.0837,6.0837,6.0837
59154158,439,439,2,2.07,2.07,2.07,4.7074,4.7074,4.7074
59154159,332,332,1,0.97,0.97,0.97,2.9273,2.9273,2.9273
59154164,572,572,2,0.44,0.44,0.44,0.7777,0.7777,0.7777
59154165,661,661,5,4.61,4.61,4.61,6.9796,6.9796,6.9796
59154166,345,345,1,0.33,0.33,0.33,0.9661,0.9661,0.9661
59154167,981,981,2,0.25,0.25,0.25,0.2508,0.2508,0.2508
59154168,372,372,0,0.0,0.0,0.0,0.0,0.0,0.0
59154169,948,948,3,1.3,1.3,1.3,1.3751,1.3751,1.3751
59154172,1672,1672,2,7.4,7.4,7.4,4.4253,4.4253,4.4253
59154173,895,895,3,3.32,3.32,3.32,3.7044,3.7044,3.7044
59154174,8739,8739,6,6.71,6.71,6.71,0.7675,0.7675,0.7675
59154177,479,479,1,1.59,1.59,1.59,3.3161,3.3161,3.3161
59154180,479,479,1,2.92,2.92,2.92,6.0963,6.0963,6.0963
59154181,686,686,3,4.88,4.88,4.88,7.1095,7.1095,7.1095
59154182,1139,1139,2,0.66,0.66,0.66,0.5773,0.5773,0.5773
59154183,196,196,2,0.66,0.66,0.66,3.3546,3.3546,3.3546
59154184,1909,1909,1,4.22,4.22,4.22,2.2104,2.2104,2.2104
59154185,1303,1303,4,5.7,5.7,5.7,4.3755,4.3755,4.3755
59154186,586,586,1,4.22,4.22,4.22,7.2006,7.2006,7.2006
59154187,1027,1027,3,5.31,5.31,5.31,5.1718,5.1718,5.1718
59154188,840,840,2,8.19,8.19,8.19,9.7462,9.7462,9.7462
59154189,389,389,1,1.06,1.06,1.06,2.7128,2.7128,2.7128
59154190,829,829,3,3.63,3.63,3.63,4.3809,4.3809,4.3809
59154191,664,664,3,3.63,3.63,3.63,5.4696,5.4696,5.4696
59154192,965,965,2,7.4,7.4,7.4,7.6675,7.6675,7.6675
59154193,907,907,2,7.4,7.4,7.4,8.1578,8.1578,8.1578
59154194,650,650,2,3.86,3.86,3.86,5.9378,5.9378,5.9378
59154195,689,689,2,14.99,14.99,11.59,21.7515,21.7515,16.8192
59154196,774,774,1,2.27,2.27,2.27,2.9343,2.9343,2.9343
