DAUID,db_count,db_pop_total,db_pop_reach_400,db_pop_reach_800,DA_reach_400,DA_reach_800
59150307,11.00,677.00,38.00,499.00,0.06,0.74
59150308,6.00,541.00,0.00,200.00,0.00,0.37
59150309,6.00,761.00,554.00,761.00,0.73,1.00
59150310,7.00,748.00,121.00,748.00,0.16,1.00
59150311,4.00,537.00,537.00,537.00,1.00,1.00
59150312,5.00,555.00,555.00,555.00,1.00,1.00
59150313,3.00,1003.00,1003.00,1003.00,1.00,1.00
59150328,3.00,508.00,508.00,508.00,1.00,1.00
59150329,7.00,966.00,966.00,966.00,1.00,1.00
59150330,4.00,544.00,387.00,544.00,0.71,1.00
59150331,8.00,858.00,474.00,737.00,0.55,0.86
59150332,5.00,660.00,0.00,660.00,0.00,1.00
59150333,5.00,621.00,0.00,621.00,0.00,1.00
59150334,6.00,507.00,123.00,507.00,0.24,1.00
59150335,5.00,857.00,857.00,857.00,1.00,1.00
59150336,6.00,610.00,610.00,610.00,1.00,1.00
59150337,6.00,433.00,392.00,433.00,0.91,1.00
59150338,5.00,479.00,301.00,479.00,0.63,1.00
59150339,8.00,588.00,197.00,588.00,0.34,1.00
59150340,5.00,534.00,152.00,534.00,0.28,1.00
59150341,5.00,459.00,459.00,459.00,1.00,1.00
59150342,6.00,461.00,350.00,461.00,0.76,1.00
59150343,5.00,470.00,83.00,470.00,0.18,1.00
59150344,3.00,480.00,443.00,480.00,0.92,1.00
59150345,6.00,597.00,597.00,597.00,1.00,1.00
59150346,5.00,409.00,409.00,409.00,1.00,1.00
59150347,5.00,504.00,504.00,504.00,1.00,1.00
59150348,3.00,529.00,529.00,529.00,1.00,1.00
59150349,4.00,420.00,420.00,420.00,1.00,1.00
59150350,8.00,511.00,337.00,511.00,0.66,1.00
59150351,2.00,459.00,459.00,459.00,1.00,1.00
59150352,4.00,748.00,748.00,748.00,1.00,1.00
59150353,3.00,495.00,495.00,495.00,1.00,1.00
59150354,2.00,525.00,525.00,525.00,1.00,1.00
59150355,1.00,531.00,0.00,531.00,0.00,1.00
59150356,2.00,473.00,473.00,473.00,1.00,1.00
59150357,3.00,919.00,404.00,919.00,0.44,1.00
59150358,3.00,512.00,261.00,512.00,0.51,1.00
59150359,2.00,482.00,482.00,482.00,1.00,1.00
59150360,3.00,611.00,313.00,611.00,0.51,1.00
59150361,2.00,488.00,488.00,488.00,1.00,1.00
59150362,2.00,397.00,397.00,397.00,1.00,1.00
59150363,3.00,515.00,515.00,515.00,1.00,1.00
59150364,2.00,433.00,433.00,433.00,1.00,1.00
59150365,4.00,345.00,345.00,345.00,1.00,1.00
59150366,3.00,861.00,861.00,861.00,1.00,1.00
59150367,4.00,1340.00,1340.00,1340.00,1.00,1.00
59150368,2.00,508.00,295.00,508.00,0.58,1.00
59150369,4.00,538.00,280.00,538.00,0.52,1.00
59150371,5.00,548.00,548.00,548.00,1.00,1.00
59150373,9.00,685.00,685.00,685.00,1.00,1.00
59150375,7.00,411.00,0.00,411.00,0.00,1.00
59150376,4.00,459.00,176.00,459.00,0.38,1.00
59150377,5.00,480.00,234.00,480.00,0.49,1.00
59150378,3.00,789.00,0.00,789.00,0.00,1.00
59150379,6.00,573.00,573.00,573.00,1.00,1.00
59150380,3.00,607.00,607.00,607.00,1.00,1.00
59150381,4.00,668.00,668.00,668.00,1.00,1.00
59150382,4.00,598.00,0.00,598.00,0.00,1.00
59150383,4.00,530.00,125.00,530.00,0.24,1.00
59150384,4.00,489.00,0.00,489.00,0.00,1.00
59150385,4.00,486.00,384.00,486.00,0.79,1.00
59150386,4.00,614.00,614.00,614.00,1.00,1.00
59150387,3.00,540.00,540.00,540.00,1.00,1.00
59150388,4.00,816.00,816.00,816.00,1.00,1.00
59150389,5.00,725.00,588.00,725.00,0.81,1.00
59150390,4.00,606.00,73.00,606.00,0.12,1.00
59150391,3.00,526.00,313.00,526.00,0.60,1.00
59150392,5.00,467.00,167.00,467.00,0.36,1.00
59150393,4.00,636.00,636.00,636.00,1.00,1.00
59150394,3.00,614.00,614.00,614.00,1.00,1.00
59150395,3.00,705.00,705.00,705.00,1.00,1.00
59150396,4.00,639.00,639.00,639.00,1.00,1.00
59150397,3.00,411.00,411.00,411.00,1.00,1.00
59150398,3.00,469.00,294.00,469.00,0.63,1.00
59150399,3.00,536.00,172.00,536.00,0.32,1.00
59150400,6.00,767.00,224.00,767.00,0.29,1.00
59150401,5.00,639.00,337.00,639.00,0.53,1.00
59150402,6.00,732.00,732.00,732.00,1.00,1.00
59150403,5.00,646.00,646.00,646.00,1.00,1.00
59150404,3.00,504.00,504.00,504.00,1.00,1.00
59150405,3.00,517.00,363.00,517.00,0.70,1.00
59150406,6.00,702.00,462.00,702.00,0.66,1.00
59150407,5.00,800.00,234.00,800.00,0.29,1.00
59150408,2.00,710.00,288.00,710.00,0.41,1.00
59150409,2.00,480.00,328.00,480.00,0.68,1.00
59150410,4.00,739.00,350.00,739.00,0.47,1.00
59150412,3.00,440.00,347.00,440.00,0.79,1.00
59150414,3.00,583.00,583.00,583.00,1.00,1.00
59150415,6.00,807.00,807.00,807.00,1.00,1.00
59150416,5.00,597.00,597.00,597.00,1.00,1.00
59150417,3.00,539.00,297.00,539.00,0.55,1.00
59150419,4.00,452.00,452.00,452.00,1.00,1.00
59150420,2.00,530.00,310.00,530.00,0.58,1.00
59150421,1.00,630.00,630.00,630.00,1.00,1.00
59150422,6.00,896.00,471.00,896.00,0.53,1.00
59150423,5.00,514.00,514.00,514.00,1.00,1.00
59150424,5.00,883.00,883.00,883.00,1.00,1.00
59150425,4.00,414.00,261.00,414.00,0.63,1.00
59150426,4.00,685.00,685.00,685.00,1.00,1.00
59150427,6.00,553.00,553.00,553.00,1.00,1.00
59150428,5.00,600.00,600.00,600.00,1.00,1.00
59150429,4.00,574.00,296.00,574.00,0.52,1.00
59150430,4.00,524.00,0.00,524.00,0.00,1.00
59150431,6.00,632.00,288.00,632.00,0.46,1.00
59150432,5.00,858.00,233.00,858.00,0.27,1.00
59150433,4.00,466.00,342.00,466.00,0.73,1.00
59150434,3.00,494.00,358.00,494.00,0.72,1.00
59150435,3.00,560.00,290.00,560.00,0.52,1.00
59150436,4.00,873.00,873.00,873.00,1.00,1.00
59150437,6.00,1212.00,277.00,1212.00,0.23,1.00
59150438,3.00,857.00,857.00,857.00,1.00,1.00
59150439,5.00,483.00,483.00,483.00,1.00,1.00
59150440,6.00,682.00,416.00,682.00,0.61,1.00
59150442,4.00,668.00,668.00,668.00,1.00,1.00
59150443,4.00,790.00,378.00,790.00,0.48,1.00
59150444,5.00,737.00,737.00,737.00,1.00,1.00
59150445,4.00,633.00,633.00,633.00,1.00,1.00
59150446,5.00,544.00,544.00,544.00,1.00,1.00
59150447,3.00,826.00,149.00,826.00,0.18,1.00
59150448,4.00,668.00,0.00,668.00,0.00,1.00
59150449,6.00,739.00,0.00,642.00,0.00,0.87
59150450,3.00,627.00,0.00,627.00,0.00,1.00
59150451,3.00,501.00,402.00,501.00,0.80,1.00
59150452,5.00,420.00,420.00,420.00,1.00,1.00
59150453,5.00,586.00,586.00,586.00,1.00,1.00
59150454,6.00,673.00,673.00,673.00,1.00,1.00
59150455,8.00,843.00,673.00,843.00,0.80,1.00
59150457,7.00,743.00,0.00,743.00,0.00,1.00
59150459,5.00,564.00,0.00,564.00,0.00,1.00
59150460,3.00,515.00,0.00,515.00,0.00,1.00
59150461,2.00,352.00,352.00,352.00,1.00,1.00
59150462,2.00,403.00,403.00,403.00,1.00,1.00
59150463,5.00,608.00,608.00,608.00,1.00,1.00
59150465,5.00,554.00,0.00,554.00,0.00,1.00
59150466,4.00,505.00,124.00,505.00,0.25,1.00
59150468,6.00,571.00,571.00,571.00,1.00,1.00
59150469,4.00,599.00,599.00,599.00,1.00,1.00
59150470,3.00,536.00,173.00,536.00,0.32,1.00
59150471,4.00,679.00,0.00,679.00,0.00,1.00
59150472,3.00,492.00,0.00,368.00,0.00,0.75
59150473,4.00,680.00,278.00,680.00,0.41,1.00
59150474,4.00,705.00,0.00,705.00,0.00,1.00
59150475,4.00,762.00,338.00,762.00,0.44,1.00
59150476,5.00,929.00,161.00,929.00,0.17,1.00
59150477,3.00,628.00,212.00,628.00,0.34,1.00
59150478,4.00,792.00,792.00,792.00,1.00,1.00
59150479,5.00,464.00,464.00,464.00,1.00,1.00
59150480,3.00,553.00,398.00,553.00,0.72,1.00
59150481,2.00,434.00,434.00,434.00,1.00,1.00
59150482,3.00,853.00,0.00,853.00,0.00,1.00
59150483,2.00,503.00,0.00,503.00,0.00,1.00
59150484,3.00,689.00,0.00,689.00,0.00,1.00
59150485,5.00,565.00,0.00,565.00,0.00,1.00
59150486,2.00,547.00,547.00,547.00,1.00,1.00
59150487,6.00,810.00,810.00,810.00,1.00,1.00
59150488,3.00,2132.00,2132.00,2132.00,1.00,1.00
59150489,4.00,1053.00,1053.00,1053.00,1.00,1.00
59150490,3.00,575.00,575.00,575.00,1.00,1.00
59150491,2.00,475.00,475.00,475.00,1.00,1.00
59150492,5.00,603.00,206.00,603.00,0.34,1.00
59150493,3.00,426.00,320.00,426.00,0.75,1.00
59150494,3.00,390.00,336.00,390.00,0.86,1.00
59150495,23.00,624.00,518.00,624.00,0.83,1.00
59150496,2.00,574.00,574.00,574.00,1.00,1.00
59150497,2.00,605.00,605.00,605.00,1.00,1.00
59150498,2.00,612.00,612.00,612.00,1.00,1.00
59150499,2.00,590.00,590.00,590.00,1.00,1.00
59150500,3.00,724.00,724.00,724.00,1.00,1.00
59150503,2.00,592.00,592.00,592.00,1.00,1.00
59150504,6.00,1080.00,1080.00,1080.00,1.00,1.00
59150505,5.00,662.00,351.00,662.00,0.53,1.00
59150506,3.00,344.00,344.00,344.00,1.00,1.00
59150507,6.00,522.00,522.00,522.00,1.00,1.00
59150508,4.00,494.00,494.00,494.00,1.00,1.00
59150509,7.00,463.00,267.00,463.00,0.58,1.00
59150510,7.00,453.00,0.00,391.00,0.00,0.86
59150511,3.00,1181.00,1181.00,1181.00,1.00,1.00
59150512,6.00,507.00,0.00,244.00,0.00,0.48
59150513,9.00,502.00,158.00,502.00,0.31,1.00
59150514,10.00,587.00,0.00,270.00,0.00,0.46
59150515,4.00,380.00,0.00,188.00,0.00,0.49
59150516,7.00,471.00,0.00,471.00,0.00,1.00
59150517,4.00,410.00,144.00,410.00,0.35,1.00
59150518,5.00,428.00,236.00,428.00,0.55,1.00
59150519,3.00,853.00,853.00,853.00,1.00,1.00
59150520,2.00,1036.00,1036.00,1036.00,1.00,1.00
59150521,7.00,637.00,637.00,637.00,1.00,1.00
59150522,7.00,645.00,362.00,645.00,0.56,1.00
59150523,7.00,694.00,438.00,694.00,0.63,1.00
59150524,5.00,541.00,0.00,541.00,0.00,1.00
59150526,5.00,571.00,474.00,571.00,0.83,1.00
59150527,4.00,718.00,718.00,718.00,1.00,1.00
59150529,5.00,562.00,562.00,562.00,1.00,1.00
59150530,2.00,544.00,544.00,544.00,1.00,1.00
59150531,5.00,783.00,639.00,783.00,0.82,1.00
59150534,8.00,521.00,158.00,521.00,0.30,1.00
59150535,6.00,641.00,416.00,641.00,0.65,1.00
59150536,2.00,517.00,517.00,517.00,1.00,1.00
59150537,3.00,560.00,368.00,560.00,0.66,1.00
59150538,4.00,677.00,377.00,677.00,0.56,1.00
59150539,6.00,484.00,484.00,484.00,1.00,1.00
59150540,7.00,630.00,474.00,630.00,0.75,1.00
59150541,12.00,787.00,787.00,787.00,1.00,1.00
59150542,5.00,528.00,407.00,528.00,0.77,1.00
59150543,8.00,1525.00,985.00,1525.00,0.65,1.00
59150544,1.00,787.00,787.00,787.00,1.00,1.00
59150545,10.00,931.00,655.00,931.00,0.70,1.00
59150546,5.00,733.00,0.00,733.00,0.00,1.00
59150547,1.00,528.00,528.00,528.00,1.00,1.00
59150548,4.00,352.00,254.00,352.00,0.72,1.00
59150549,6.00,457.00,371.00,457.00,0.81,1.00
59150550,6.00,641.00,641.00,641.00,1.00,1.00
59150551,8.00,476.00,364.00,476.00,0.76,1.00
59150552,8.00,437.00,0.00,409.00,0.00,0.94
59150553,13.00,551.00,0.00,252.00,0.00,0.46
59150554,9.00,483.00,0.00,45.00,0.00,0.09
59150555,8.00,610.00,218.00,560.00,0.36,0.92
59150556,7.00,865.00,865.00,865.00,1.00,1.00
59150557,8.00,602.00,0.00,416.00,0.00,0.69
59150558,3.00,544.00,544.00,544.00,1.00,1.00
59150559,4.00,611.00,472.00,611.00,0.77,1.00
59150560,6.00,562.00,367.00,562.00,0.65,1.00
59150561,9.00,527.00,478.00,527.00,0.91,1.00
59150562,5.00,544.00,412.00,544.00,0.76,1.00
59150563,2.00,661.00,661.00,661.00,1.00,1.00
59150564,4.00,647.00,647.00,647.00,1.00,1.00
59150565,5.00,511.00,435.00,511.00,0.85,1.00
59150566,1.00,563.00,0.00,563.00,0.00,1.00
59150567,2.00,517.00,286.00,517.00,0.55,1.00
59150568,3.00,643.00,643.00,643.00,1.00,1.00
59150569,4.00,864.00,864.00,864.00,1.00,1.00
59150570,3.00,488.00,488.00,488.00,1.00,1.00
59150571,10.00,568.00,384.00,568.00,0.68,1.00
59150572,7.00,337.00,240.00,337.00,0.71,1.00
59150573,1.00,1310.00,1310.00,1310.00,1.00,1.00
59150575,5.00,563.00,563.00,563.00,1.00,1.00
59150577,3.00,811.00,811.00,811.00,1.00,1.00
59150578,6.00,504.00,298.00,504.00,0.59,1.00
59150579,6.00,405.00,299.00,405.00,0.74,1.00
59150580,7.00,506.00,433.00,506.00,0.86,1.00
59150581,7.00,390.00,87.00,390.00,0.22,1.00
59150582,8.00,537.00,0.00,537.00,0.00,1.00
59150583,6.00,593.00,202.00,593.00,0.34,1.00
59150584,5.00,604.00,604.00,604.00,1.00,1.00
59150585,7.00,544.00,544.00,544.00,1.00,1.00
59150586,6.00,554.00,554.00,554.00,1.00,1.00
59150587,7.00,570.00,397.00,570.00,0.70,1.00
59150588,9.00,581.00,110.00,581.00,0.19,1.00
59150589,7.00,493.00,347.00,493.00,0.70,1.00
59150590,7.00,552.00,552.00,552.00,1.00,1.00
59150591,8.00,642.00,243.00,642.00,0.38,1.00
59150592,7.00,632.00,67.00,632.00,0.11,1.00
59150593,6.00,589.00,0.00,589.00,0.00,1.00
59150594,5.00,426.00,186.00,426.00,0.44,1.00
59150595,6.00,672.00,189.00,672.00,0.28,1.00
59150596,5.00,489.00,373.00,489.00,0.76,1.00
59150597,6.00,711.00,397.00,711.00,0.56,1.00
59150598,6.00,557.00,557.00,557.00,1.00,1.00
59150599,3.00,597.00,241.00,597.00,0.40,1.00
59150600,8.00,475.00,406.00,475.00,0.85,1.00
59150601,5.00,768.00,768.00,768.00,1.00,1.00
59150602,4.00,427.00,427.00,427.00,1.00,1.00
59150603,5.00,403.00,403.00,403.00,1.00,1.00
59150604,4.00,621.00,621.00,621.00,1.00,1.00
59150605,5.00,486.00,486.00,486.00,1.00,1.00
59150606,5.00,701.00,442.00,701.00,0.63,1.00
59150607,5.00,836.00,836.00,836.00,1.00,1.00
59150608,4.00,566.00,566.00,566.00,1.00,1.00
59150609,3.00,532.00,368.00,532.00,0.69,1.00
59150610,4.00,678.00,167.00,678.00,0.25,1.00
59150611,6.00,689.00,210.00,689.00,0.30,1.00
59150612,4.00,646.00,0.00,646.00,0.00,1.00
59150613,4.00,747.00,633.00,747.00,0.85,1.00
59150614,4.00,662.00,0.00,662.00,0.00,1.00
59150615,4.00,499.00,398.00,499.00,0.80,1.00
59150616,3.00,588.00,258.00,588.00,0.44,1.00
59150617,2.00,544.00,544.00,544.00,1.00,1.00
59150618,3.00,650.00,650.00,650.00,1.00,1.00
59150619,3.00,637.00,637.00,637.00,1.00,1.00
59150620,4.00,559.00,434.00,559.00,0.78,1.00
59150621,3.00,463.00,302.00,463.00,0.65,1.00
59150622,2.00,476.00,476.00,476.00,1.00,1.00
59150623,2.00,494.00,494.00,494.00,1.00,1.00
59150624,2.00,596.00,596.00,596.00,1.00,1.00
59150625,2.00,608.00,608.00,608.00,1.00,1.00
59150626,2.00,605.00,605.00,605.00,1.00,1.00
59150627,6.00,524.00,524.00,524.00,1.00,1.00
59150628,4.00,770.00,770.00,770.00,1.00,1.00
59150629,3.00,605.00,605.00,605.00,1.00,1.00
59150633,3.00,663.00,435.00,663.00,0.66,1.00
59150634,2.00,540.00,540.00,540.00,1.00,1.00
59150635,2.00,583.00,583.00,583.00,1.00,1.00
59150636,2.00,677.00,677.00,677.00,1.00,1.00
59150637,4.00,578.00,578.00,578.00,1.00,1.00
59150638,3.00,660.00,660.00,660.00,1.00,1.00
59150639,2.00,517.00,517.00,517.00,1.00,1.00
59150640,2.00,436.00,436.00,436.00,1.00,1.00
59150641,2.00,642.00,0.00,642.00,0.00,1.00
59150642,2.00,610.00,0.00,610.00,0.00,1.00
59150643,2.00,601.00,0.00,601.00,0.00,1.00
59150644,2.00,598.00,0.00,598.00,0.00,1.00
59150645,4.00,454.00,94.00,454.00,0.21,1.00
59150646,2.00,643.00,0.00,643.00,0.00,1.00
59150647,2.00,594.00,0.00,594.00,0.00,1.00
59150648,1.00,390.00,0.00,390.00,0.00,1.00
59150649,7.00,663.00,236.00,663.00,0.36,1.00
59150650,2.00,459.00,273.00,459.00,0.59,1.00
59150651,2.00,421.00,250.00,421.00,0.59,1.00
59150652,3.00,698.00,448.00,698.00,0.64,1.00
59150653,3.00,482.00,482.00,482.00,1.00,1.00
59150654,3.00,592.00,292.00,592.00,0.49,1.00
59150655,3.00,491.00,491.00,491.00,1.00,1.00
59150656,3.00,494.00,0.00,494.00,0.00,1.00
59150657,11.00,511.00,366.00,511.00,0.72,1.00
59150658,6.00,659.00,659.00,659.00,1.00,1.00
59150659,11.00,619.00,238.00,619.00,0.38,1.00
59150660,12.00,488.00,114.00,488.00,0.23,1.00
59150661,12.00,489.00,443.00,489.00,0.91,1.00
59150662,11.00,414.00,0.00,414.00,0.00,1.00
59150663,12.00,427.00,71.00,427.00,0.17,1.00
59150664,16.00,508.00,265.00,508.00,0.52,1.00
59150665,11.00,456.00,227.00,456.00,0.50,1.00
59150666,12.00,427.00,67.00,427.00,0.16,1.00
59150667,11.00,436.00,374.00,436.00,0.86,1.00
59150668,3.00,513.00,513.00,513.00,1.00,1.00
59150669,2.00,340.00,340.00,340.00,1.00,1.00
59150670,10.00,520.00,464.00,520.00,0.89,1.00
59150671,7.00,523.00,304.00,523.00,0.58,1.00
59150672,6.00,857.00,857.00,857.00,1.00,1.00
59150673,7.00,946.00,268.00,946.00,0.28,1.00
59150674,8.00,549.00,549.00,549.00,1.00,1.00
59150675,8.00,613.00,478.00,613.00,0.78,1.00
59150676,4.00,577.00,0.00,577.00,0.00,1.00
59150677,4.00,531.00,0.00,531.00,0.00,1.00
59150678,4.00,591.00,591.00,591.00,1.00,1.00
59150679,3.00,419.00,419.00,419.00,1.00,1.00
59150680,7.00,712.00,712.00,712.00,1.00,1.00
59150681,3.00,486.00,486.00,486.00,1.00,1.00
59150682,7.00,755.00,755.00,755.00,1.00,1.00
59150683,5.00,532.00,306.00,532.00,0.58,1.00
59150684,7.00,741.00,741.00,741.00,1.00,1.00
59150685,7.00,839.00,321.00,839.00,0.38,1.00
59150686,3.00,365.00,365.00,365.00,1.00,1.00
59150687,4.00,443.00,0.00,443.00,0.00,1.00
59150688,3.00,528.00,0.00,528.00,0.00,1.00
59150689,4.00,450.00,154.00,450.00,0.34,1.00
59150690,6.00,585.00,537.00,585.00,0.92,1.00
59150691,5.00,498.00,498.00,498.00,1.00,1.00
59150692,4.00,589.00,245.00,589.00,0.42,1.00
59150693,6.00,432.00,69.00,432.00,0.16,1.00
59150694,4.00,482.00,0.00,482.00,0.00,1.00
59150695,4.00,560.00,560.00,560.00,1.00,1.00
59150696,2.00,534.00,0.00,265.00,0.00,0.50
59150697,3.00,647.00,0.00,450.00,0.00,0.70
59150698,4.00,559.00,97.00,559.00,0.17,1.00
59150699,7.00,469.00,281.00,469.00,0.60,1.00
59150700,5.00,479.00,479.00,479.00,1.00,1.00
59150701,5.00,576.00,576.00,576.00,1.00,1.00
59150702,2.00,451.00,451.00,451.00,1.00,1.00
59150703,3.00,444.00,155.00,444.00,0.35,1.00
59150704,7.00,583.00,583.00,583.00,1.00,1.00
59150705,5.00,624.00,624.00,624.00,1.00,1.00
59150706,2.00,289.00,289.00,289.00,1.00,1.00
59150707,2.00,360.00,360.00,360.00,1.00,1.00
59150708,7.00,880.00,880.00,880.00,1.00,1.00
59150709,14.00,2457.00,1372.00,2457.00,0.56,1.00
59150710,5.00,635.00,635.00,635.00,1.00,1.00
59150711,7.00,1102.00,1102.00,1102.00,1.00,1.00
59150712,3.00,553.00,553.00,553.00,1.00,1.00
59150713,4.00,481.00,481.00,481.00,1.00,1.00
59150714,1.00,245.00,245.00,245.00,1.00,1.00
59150715,2.00,451.00,451.00,451.00,1.00,1.00
59150716,2.00,418.00,418.00,418.00,1.00,1.00
59150717,2.00,351.00,351.00,351.00,1.00,1.00
59150718,2.00,529.00,529.00,529.00,1.00,1.00
59150719,2.00,447.00,447.00,447.00,1.00,1.00
59150720,1.00,545.00,545.00,545.00,1.00,1.00
59150721,2.00,479.00,479.00,479.00,1.00,1.00
59150722,2.00,484.00,484.00,484.00,1.00,1.00
59150723,3.00,444.00,444.00,444.00,1.00,1.00
59150724,4.00,457.00,334.00,457.00,0.73,1.00
59150725,4.00,504.00,256.00,504.00,0.51,1.00
59150726,4.00,518.00,518.00,518.00,1.00,1.00
59150727,5.00,477.00,477.00,477.00,1.00,1.00
59150728,3.00,502.00,502.00,502.00,1.00,1.00
59150729,6.00,701.00,455.00,701.00,0.65,1.00
59150730,5.00,498.00,91.00,498.00,0.18,1.00
59150731,5.00,627.00,188.00,627.00,0.30,1.00
59150732,5.00,509.00,99.00,509.00,0.19,1.00
59150733,7.00,554.00,554.00,554.00,1.00,1.00
59150734,5.00,782.00,0.00,782.00,0.00,1.00
59150737,5.00,480.00,399.00,480.00,0.83,1.00
59150738,4.00,490.00,490.00,490.00,1.00,1.00
59150739,4.00,398.00,398.00,398.00,1.00,1.00
59150740,1.00,518.00,518.00,518.00,1.00,1.00
59150741,4.00,501.00,501.00,501.00,1.00,1.00
59150742,3.00,558.00,558.00,558.00,1.00,1.00
59150743,2.00,624.00,624.00,624.00,1.00,1.00
59150744,3.00,426.00,426.00,426.00,1.00,1.00
59150745,5.00,621.00,259.00,621.00,0.42,1.00
59150746,4.00,468.00,400.00,468.00,0.85,1.00
59150747,4.00,361.00,361.00,361.00,1.00,1.00
59150748,3.00,534.00,534.00,534.00,1.00,1.00
59150749,6.00,591.00,591.00,591.00,1.00,1.00
59150750,16.00,1128.00,1018.00,1018.00,0.90,0.90
59150751,18.00,708.00,708.00,708.00,1.00,1.00
59150752,3.00,319.00,319.00,319.00,1.00,1.00
59150753,2.00,261.00,261.00,261.00,1.00,1.00
59150754,3.00,497.00,497.00,497.00,1.00,1.00
59150755,1.00,844.00,0.00,844.00,0.00,1.00
59150756,2.00,215.00,215.00,215.00,1.00,1.00
59150757,6.00,1054.00,1054.00,1054.00,1.00,1.00
59150758,1.00,495.00,495.00,495.00,1.00,1.00
59150759,3.00,884.00,884.00,884.00,1.00,1.00
59150760,2.00,595.00,595.00,595.00,1.00,1.00
59150761,2.00,774.00,774.00,774.00,1.00,1.00
59150762,5.00,435.00,435.00,435.00,1.00,1.00
59150763,2.00,294.00,294.00,294.00,1.00,1.00
59150777,1.00,1193.00,1193.00,1193.00,1.00,1.00
59150779,1.00,1046.00,1046.00,1046.00,1.00,1.00
59150782,1.00,480.00,0.00,480.00,0.00,1.00
59150784,1.00,631.00,631.00,631.00,1.00,1.00
59150785,5.00,1905.00,1905.00,1905.00,1.00,1.00
59150786,1.00,1165.00,1165.00,1165.00,1.00,1.00
59150787,1.00,501.00,501.00,501.00,1.00,1.00
59150788,2.00,719.00,719.00,719.00,1.00,1.00
59150790,3.00,1205.00,1205.00,1205.00,1.00,1.00
59150791,2.00,610.00,610.00,610.00,1.00,1.00
59150792,2.00,964.00,964.00,964.00,1.00,1.00
59150793,1.00,914.00,914.00,914.00,1.00,1.00
59150795,2.00,853.00,853.00,853.00,1.00,1.00
59150816,1.00,357.00,357.00,357.00,1.00,1.00
59150817,1.00,433.00,433.00,433.00,1.00,1.00
59150819,1.00,469.00,469.00,469.00,1.00,1.00
59150820,1.00,532.00,532.00,532.00,1.00,1.00
59150821,1.00,470.00,470.00,470.00,1.00,1.00
59150822,1.00,408.00,408.00,408.00,1.00,1.00
59150823,1.00,441.00,441.00,441.00,1.00,1.00
59150824,1.00,449.00,449.00,449.00,1.00,1.00
59150827,2.00,513.00,513.00,513.00,1.00,1.00
59150828,3.00,663.00,663.00,663.00,1.00,1.00
59150831,2.00,627.00,627.00,627.00,1.00,1.00
59150832,3.00,722.00,722.00,722.00,1.00,1.00
59150837,1.00,422.00,422.00,422.00,1.00,1.00
59150840,1.00,419.00,419.00,419.00,1.00,1.00
59150841,1.00,430.00,430.00,430.00,1.00,1.00
59150845,2.00,651.00,651.00,651.00,1.00,1.00
59150846,4.00,799.00,799.00,799.00,1.00,1.00
59150850,7.00,2626.00,2626.00,2626.00,1.00,1.00
59150859,1.00,422.00,422.00,422.00,1.00,1.00
59150861,2.00,634.00,634.00,634.00,1.00,1.00
59150863,5.00,581.00,581.00,581.00,1.00,1.00
59150864,1.00,515.00,515.00,515.00,1.00,1.00
59150865,2.00,638.00,638.00,638.00,1.00,1.00
59150866,1.00,550.00,550.00,550.00,1.00,1.00
59150871,4.00,551.00,551.00,551.00,1.00,1.00
59150872,6.00,421.00,421.00,421.00,1.00,1.00
59150873,4.00,531.00,531.00,531.00,1.00,1.00
59150874,3.00,612.00,612.00,612.00,1.00,1.00
59150875,2.00,521.00,521.00,521.00,1.00,1.00
59150876,2.00,574.00,574.00,574.00,1.00,1.00
59150877,1.00,340.00,340.00,340.00,1.00,1.00
59150878,2.00,538.00,538.00,538.00,1.00,1.00
59150879,3.00,711.00,0.00,711.00,0.00,1.00
59150880,3.00,571.00,0.00,571.00,0.00,1.00
59150881,4.00,616.00,616.00,616.00,1.00,1.00
59150882,6.00,710.00,500.00,710.00,0.70,1.00
59150883,6.00,490.00,490.00,490.00,1.00,1.00
59150884,3.00,434.00,434.00,434.00,1.00,1.00
59150885,6.00,424.00,424.00,424.00,1.00,1.00
59150886,12.00,523.00,352.00,507.00,0.67,0.97
59150887,6.00,524.00,120.00,524.00,0.23,1.00
59150888,4.00,451.00,0.00,451.00,0.00,1.00
59150889,5.00,483.00,139.00,483.00,0.29,1.00
59150890,5.00,613.00,494.00,613.00,0.81,1.00
59150891,4.00,526.00,526.00,526.00,1.00,1.00
59150892,6.00,409.00,82.00,409.00,0.20,1.00
59150893,5.00,559.00,111.00,559.00,0.20,1.00
59150894,5.00,619.00,278.00,619.00,0.45,1.00
59150895,5.00,527.00,112.00,527.00,0.21,1.00
59150896,4.00,547.00,0.00,547.00,0.00,1.00
59150897,5.00,601.00,601.00,601.00,1.00,1.00
59150898,6.00,521.00,153.00,521.00,0.29,1.00
59150899,6.00,645.00,232.00,645.00,0.36,1.00
59150900,4.00,427.00,131.00,427.00,0.31,1.00
59150901,4.00,454.00,454.00,454.00,1.00,1.00
59150902,4.00,567.00,567.00,567.00,1.00,1.00
59150903,6.00,474.00,474.00,474.00,1.00,1.00
59150904,5.00,476.00,297.00,476.00,0.62,1.00
59150905,6.00,528.00,253.00,528.00,0.48,1.00
59150906,6.00,458.00,0.00,458.00,0.00,1.00
59150907,8.00,630.00,0.00,444.00,0.00,0.70
59150908,5.00,530.00,151.00,530.00,0.28,1.00
59150909,7.00,503.00,139.00,503.00,0.28,1.00
59150910,7.00,474.00,149.00,474.00,0.31,1.00
59150911,5.00,558.00,558.00,558.00,1.00,1.00
59150912,8.00,483.00,306.00,483.00,0.63,1.00
59150913,8.00,516.00,516.00,516.00,1.00,1.00
59150914,7.00,460.00,409.00,460.00,0.89,1.00
59150915,5.00,504.00,504.00,504.00,1.00,1.00
59150916,5.00,457.00,457.00,457.00,1.00,1.00
59150917,7.00,511.00,455.00,511.00,0.89,1.00
59150918,5.00,437.00,437.00,437.00,1.00,1.00
59150919,5.00,477.00,477.00,477.00,1.00,1.00
59150920,5.00,486.00,392.00,486.00,0.81,1.00
59150922,4.00,443.00,443.00,443.00,1.00,1.00
59150923,6.00,596.00,489.00,596.00,0.82,1.00
59150924,4.00,552.00,374.00,552.00,0.68,1.00
59150925,4.00,564.00,363.00,564.00,0.64,1.00
59150926,5.00,721.00,591.00,721.00,0.82,1.00
59150927,5.00,604.00,394.00,604.00,0.65,1.00
59150928,4.00,473.00,473.00,473.00,1.00,1.00
59150929,5.00,398.00,87.00,398.00,0.22,1.00
59150930,5.00,434.00,242.00,434.00,0.56,1.00
59150931,7.00,495.00,495.00,495.00,1.00,1.00
59150932,9.00,407.00,341.00,407.00,0.84,1.00
59150933,9.00,438.00,414.00,438.00,0.95,1.00
59150934,9.00,435.00,385.00,435.00,0.89,1.00
59150935,5.00,394.00,57.00,394.00,0.14,1.00
59150953,13.00,556.00,161.00,434.00,0.29,0.78
59150954,8.00,434.00,169.00,369.00,0.39,0.85
59150955,9.00,549.00,236.00,508.00,0.43,0.93
59150956,6.00,605.00,392.00,605.00,0.65,1.00
59150957,5.00,471.00,0.00,471.00,0.00,1.00
59150958,4.00,393.00,0.00,393.00,0.00,1.00
59150959,6.00,543.00,0.00,471.00,0.00,0.87
59150960,6.00,470.00,232.00,470.00,0.49,1.00
59150961,6.00,493.00,493.00,493.00,1.00,1.00
59150962,6.00,458.00,458.00,458.00,1.00,1.00
59150963,6.00,505.00,489.00,505.00,0.97,1.00
59150964,6.00,565.00,191.00,565.00,0.34,1.00
59150965,5.00,436.00,343.00,436.00,0.79,1.00
59150966,6.00,553.00,553.00,553.00,1.00,1.00
59150967,8.00,581.00,581.00,581.00,1.00,1.00
59150968,6.00,564.00,564.00,564.00,1.00,1.00
59150969,8.00,580.00,580.00,580.00,1.00,1.00
59150970,7.00,507.00,507.00,507.00,1.00,1.00
59150971,6.00,502.00,369.00,502.00,0.74,1.00
59150972,5.00,684.00,684.00,684.00,1.00,1.00
59150973,8.00,646.00,646.00,646.00,1.00,1.00
59150974,8.00,543.00,543.00,543.00,1.00,1.00
59150975,6.00,671.00,671.00,671.00,1.00,1.00
59150976,8.00,629.00,629.00,629.00,1.00,1.00
59150977,6.00,804.00,450.00,715.00,0.56,0.89
59150978,6.00,425.00,425.00,425.00,1.00,1.00
59150979,8.00,443.00,373.00,443.00,0.84,1.00
59150980,8.00,500.00,71.00,500.00,0.14,1.00
59150981,7.00,443.00,216.00,443.00,0.49,1.00
59150982,3.00,634.00,346.00,634.00,0.55,1.00
59150983,9.00,630.00,216.00,492.00,0.34,0.78
59150984,8.00,483.00,342.00,483.00,0.71,1.00
59150985,12.00,621.00,86.00,404.00,0.14,0.65
59150986,8.00,484.00,0.00,0.00,0.00,0.00
59150987,11.00,937.00,657.00,937.00,0.70,1.00
59151198,8.00,522.00,522.00,522.00,1.00,1.00
59151199,4.00,443.00,443.00,443.00,1.00,1.00
59151200,3.00,528.00,528.00,528.00,1.00,1.00
59151201,2.00,430.00,430.00,430.00,1.00,1.00
59151202,2.00,408.00,408.00,408.00,1.00,1.00
59151203,3.00,572.00,572.00,572.00,1.00,1.00
59151204,3.00,630.00,630.00,630.00,1.00,1.00
59151205,1.00,274.00,0.00,274.00,0.00,1.00
59151206,3.00,594.00,594.00,594.00,1.00,1.00
59151207,9.00,556.00,160.00,556.00,0.29,1.00
59151208,10.00,814.00,0.00,704.00,0.00,0.86
59151209,3.00,600.00,0.00,425.00,0.00,0.71
59151211,2.00,483.00,483.00,483.00,1.00,1.00
59151213,2.00,656.00,0.00,656.00,0.00,1.00
59151214,3.00,585.00,130.00,585.00,0.22,1.00
59151215,5.00,545.00,431.00,545.00,0.79,1.00
59151216,2.00,667.00,667.00,667.00,1.00,1.00
59151217,3.00,400.00,225.00,400.00,0.56,1.00
59151219,3.00,431.00,262.00,431.00,0.61,1.00
59151220,4.00,479.00,0.00,217.00,0.00,0.45
59151221,1.00,765.00,0.00,765.00,0.00,1.00
59151222,4.00,612.00,0.00,612.00,0.00,1.00
59151223,6.00,704.00,438.00,704.00,0.62,1.00
59151224,8.00,844.00,774.00,844.00,0.92,1.00
59151225,6.00,533.00,407.00,533.00,0.76,1.00
59151226,4.00,691.00,521.00,691.00,0.75,1.00
59151227,4.00,620.00,0.00,620.00,0.00,1.00
59151228,3.00,625.00,625.00,625.00,1.00,1.00
59151229,1.00,857.00,857.00,857.00,1.00,1.00
59151230,2.00,385.00,385.00,385.00,1.00,1.00
59151231,3.00,342.00,342.00,342.00,1.00,1.00
59151234,2.00,259.00,0.00,259.00,0.00,1.00
59151236,3.00,1099.00,0.00,1099.00,0.00,1.00
59151351,2.00,763.00,0.00,763.00,0.00,1.00
59151352,2.00,386.00,386.00,386.00,1.00,1.00
59151353,2.00,453.00,322.00,453.00,0.71,1.00
59151354,2.00,483.00,483.00,483.00,1.00,1.00
59151355,3.00,674.00,674.00,674.00,1.00,1.00
59151356,4.00,1202.00,40.00,1202.00,0.03,1.00
59151357,3.00,647.00,471.00,647.00,0.73,1.00
59151358,3.00,491.00,210.00,491.00,0.43,1.00
59151359,5.00,579.00,0.00,579.00,0.00,1.00
59151360,4.00,558.00,159.00,558.00,0.28,1.00
59151361,4.00,511.00,415.00,511.00,0.81,1.00
59151362,3.00,594.00,0.00,594.00,0.00,1.00
59151363,5.00,641.00,394.00,641.00,0.61,1.00
59151364,5.00,690.00,690.00,690.00,1.00,1.00
59151365,4.00,522.00,522.00,522.00,1.00,1.00
59151366,5.00,508.00,387.00,508.00,0.76,1.00
59151367,4.00,596.00,499.00,596.00,0.84,1.00
59151368,6.00,564.00,339.00,564.00,0.60,1.00
59151369,3.00,693.00,549.00,693.00,0.79,1.00
59151370,6.00,738.00,0.00,738.00,0.00,1.00
59151371,4.00,696.00,487.00,696.00,0.70,1.00
59151372,5.00,549.00,161.00,549.00,0.29,1.00
59151373,4.00,778.00,778.00,778.00,1.00,1.00
59151407,9.00,559.00,559.00,559.00,1.00,1.00
59151408,2.00,439.00,439.00,439.00,1.00,1.00
59151409,5.00,550.00,128.00,550.00,0.23,1.00
59151410,4.00,574.00,574.00,574.00,1.00,1.00
59151411,5.00,746.00,240.00,746.00,0.32,1.00
59151412,5.00,588.00,588.00,588.00,1.00,1.00
59151413,5.00,696.00,552.00,696.00,0.79,1.00
59151414,7.00,962.00,369.00,962.00,0.38,1.00
59151415,7.00,647.00,443.00,647.00,0.68,1.00
59151416,4.00,514.00,280.00,514.00,0.54,1.00
59151417,4.00,486.00,486.00,486.00,1.00,1.00
59151418,3.00,526.00,95.00,526.00,0.18,1.00
59151419,4.00,543.00,141.00,543.00,0.26,1.00
59151420,5.00,586.00,246.00,586.00,0.42,1.00
59151423,2.00,724.00,0.00,724.00,0.00,1.00
59151424,9.00,595.00,87.00,595.00,0.15,1.00
59151425,9.00,589.00,407.00,589.00,0.69,1.00
59151426,6.00,565.00,565.00,565.00,1.00,1.00
59151427,5.00,585.00,251.00,585.00,0.43,1.00
59151428,5.00,482.00,308.00,482.00,0.64,1.00
59151429,7.00,588.00,588.00,588.00,1.00,1.00
59151430,4.00,433.00,433.00,433.00,1.00,1.00
59151432,8.00,575.00,462.00,575.00,0.80,1.00
59151433,6.00,447.00,447.00,447.00,1.00,1.00
59151434,6.00,442.00,390.00,442.00,0.88,1.00
59151435,5.00,508.00,508.00,508.00,1.00,1.00
59151436,5.00,461.00,461.00,461.00,1.00,1.00
59151437,4.00,387.00,387.00,387.00,1.00,1.00
59151438,2.00,430.00,430.00,430.00,1.00,1.00
59151439,6.00,426.00,365.00,426.00,0.86,1.00
59151440,3.00,416.00,236.00,416.00,0.57,1.00
59151441,4.00,502.00,411.00,502.00,0.82,1.00
59151442,4.00,535.00,120.00,535.00,0.22,1.00
59151443,8.00,499.00,246.00,499.00,0.49,1.00
59151444,10.00,923.00,923.00,923.00,1.00,1.00
59151448,6.00,664.00,614.00,664.00,0.92,1.00
59151449,4.00,528.00,528.00,528.00,1.00,1.00
59151450,3.00,671.00,575.00,671.00,0.86,1.00
59151451,3.00,690.00,690.00,690.00,1.00,1.00
59151452,4.00,562.00,273.00,562.00,0.49,1.00
59151453,4.00,572.00,138.00,572.00,0.24,1.00
59151454,3.00,580.00,367.00,580.00,0.63,1.00
59151455,4.00,893.00,173.00,893.00,0.19,1.00
59151456,3.00,760.00,760.00,760.00,1.00,1.00
59151457,3.00,485.00,277.00,485.00,0.57,1.00
59151458,3.00,599.00,108.00,599.00,0.18,1.00
59151459,2.00,524.00,524.00,524.00,1.00,1.00
59151460,2.00,434.00,434.00,434.00,1.00,1.00
59151461,4.00,591.00,591.00,591.00,1.00,1.00
59151463,3.00,369.00,369.00,369.00,1.00,1.00
59151464,2.00,495.00,234.00,495.00,0.47,1.00
59151465,3.00,536.00,536.00,536.00,1.00,1.00
59151467,1.00,514.00,514.00,514.00,1.00,1.00
59151469,3.00,723.00,602.00,723.00,0.83,1.00
59151470,3.00,678.00,0.00,678.00,0.00,1.00
59151471,5.00,658.00,0.00,658.00,0.00,1.00
59151472,8.00,603.00,0.00,603.00,0.00,1.00
59151473,4.00,679.00,159.00,679.00,0.23,1.00
59151474,5.00,630.00,341.00,630.00,0.54,1.00
59151475,5.00,747.00,425.00,747.00,0.57,1.00
59151476,4.00,767.00,0.00,356.00,0.00,0.46
59151477,6.00,856.00,575.00,856.00,0.67,1.00
59151478,6.00,679.00,679.00,679.00,1.00,1.00
59151479,4.00,618.00,496.00,618.00,0.80,1.00
59151483,3.00,597.00,0.00,597.00,0.00,1.00
59151484,5.00,410.00,118.00,410.00,0.29,1.00
59151485,6.00,612.00,612.00,612.00,1.00,1.00
59151486,5.00,735.00,735.00,735.00,1.00,1.00
59152941,11.00,4198.00,2958.00,4198.00,0.70,1.00
59152942,3.00,1468.00,1468.00,1468.00,1.00,1.00
59152943,3.00,626.00,548.00,626.00,0.88,1.00
59152944,1.00,646.00,646.00,646.00,1.00,1.00
59152945,2.00,1307.00,1307.00,1307.00,1.00,1.00
59152946,3.00,833.00,833.00,833.00,1.00,1.00
59153075,3.00,423.00,423.00,423.00,1.00,1.00
59153076,3.00,237.00,237.00,237.00,1.00,1.00
59153077,3.00,440.00,440.00,440.00,1.00,1.00
59153078,2.00,695.00,695.00,695.00,1.00,1.00
59153079,2.00,514.00,259.00,514.00,0.50,1.00
59153080,3.00,539.00,130.00,539.00,0.24,1.00
59153081,3.00,442.00,0.00,442.00,0.00,1.00
59153082,3.00,356.00,356.00,356.00,1.00,1.00
59153083,6.00,337.00,337.00,337.00,1.00,1.00
59153084,4.00,637.00,637.00,637.00,1.00,1.00
59153085,3.00,552.00,552.00,552.00,1.00,1.00
59153086,2.00,660.00,334.00,660.00,0.51,1.00
59153087,3.00,797.00,0.00,797.00,0.00,1.00
59153088,1.00,688.00,0.00,0.00,0.00,0.00
59153089,3.00,787.00,0.00,787.00,0.00,1.00
59153090,3.00,785.00,0.00,785.00,0.00,1.00
59153091,1.00,587.00,0.00,587.00,0.00,1.00
59153092,2.00,451.00,222.00,451.00,0.49,1.00
59153093,4.00,659.00,240.00,659.00,0.36,1.00
59153094,2.00,487.00,0.00,487.00,0.00,1.00
59153095,5.00,588.00,128.00,588.00,0.22,1.00
59153096,3.00,592.00,0.00,251.00,0.00,0.42
59153097,14.00,1252.00,1073.00,1247.00,0.86,1.00
59153098,3.00,488.00,0.00,488.00,0.00,1.00
59153123,2.00,587.00,0.00,587.00,0.00,1.00
59153124,1.00,306.00,306.00,306.00,1.00,1.00
59153132,7.00,1360.00,1310.00,1360.00,0.96,1.00
59153133,4.00,666.00,96.00,666.00,0.14,1.00
59153134,2.00,604.00,0.00,604.00,0.00,1.00
59153135,3.00,855.00,0.00,439.00,0.00,0.51
59153136,3.00,993.00,0.00,993.00,0.00,1.00
59153137,2.00,647.00,0.00,358.00,0.00,0.55
59153138,3.00,546.00,0.00,546.00,0.00,1.00
59153139,2.00,486.00,0.00,486.00,0.00,1.00
59153140,4.00,810.00,487.00,810.00,0.60,1.00
59153144,3.00,796.00,796.00,796.00,1.00,1.00
59153151,7.00,632.00,532.00,632.00,0.84,1.00
59153152,5.00,939.00,0.00,939.00,0.00,1.00
59153153,3.00,905.00,0.00,905.00,0.00,1.00
59153154,1.00,805.00,0.00,805.00,0.00,1.00
59153155,6.00,763.00,91.00,763.00,0.12,1.00
59153156,3.00,317.00,317.00,317.00,1.00,1.00
59153157,4.00,597.00,597.00,597.00,1.00,1.00
59153158,5.00,793.00,793.00,793.00,1.00,1.00
59153159,4.00,652.00,232.00,652.00,0.36,1.00
59153160,5.00,739.00,384.00,739.00,0.52,1.00
59153161,3.00,551.00,551.00,551.00,1.00,1.00
59153162,2.00,528.00,528.00,528.00,1.00,1.00
59153163,5.00,396.00,307.00,396.00,0.78,1.00
59153164,7.00,2058.00,1636.00,2058.00,0.79,1.00
59153165,3.00,499.00,499.00,499.00,1.00,1.00
59153166,9.00,1072.00,1072.00,1072.00,1.00,1.00
59153167,8.00,606.00,606.00,606.00,1.00,1.00
59153168,2.00,1139.00,1139.00,1139.00,1.00,1.00
59153171,2.00,744.00,744.00,744.00,1.00,1.00
59153172,1.00,571.00,571.00,571.00,1.00,1.00
59153181,17.00,977.00,448.00,977.00,0.46,1.00
59153182,1.00,429.00,429.00,429.00,1.00,1.00
59153183,5.00,647.00,647.00,647.00,1.00,1.00
59153184,4.00,677.00,677.00,677.00,1.00,1.00
59153185,3.00,458.00,458.00,458.00,1.00,1.00
59153186,3.00,472.00,472.00,472.00,1.00,1.00
59153187,1.00,889.00,889.00,889.00,1.00,1.00
59153188,6.00,225.00,225.00,225.00,1.00,1.00
59153189,14.00,506.00,232.00,506.00,0.46,1.00
59153190,11.00,657.00,657.00,657.00,1.00,1.00
59153191,4.00,505.00,505.00,505.00,1.00,1.00
59153192,2.00,488.00,488.00,488.00,1.00,1.00
59153193,2.00,720.00,720.00,720.00,1.00,1.00
59153194,1.00,361.00,361.00,361.00,1.00,1.00
59153195,1.00,371.00,0.00,371.00,0.00,1.00
59153196,2.00,499.00,499.00,499.00,1.00,1.00
59153197,18.00,476.00,0.00,476.00,0.00,1.00
59153198,5.00,527.00,527.00,527.00,1.00,1.00
59153199,2.00,453.00,453.00,453.00,1.00,1.00
59153200,10.00,669.00,664.00,669.00,0.99,1.00
59153201,4.00,556.00,556.00,556.00,1.00,1.00
59153202,2.00,460.00,460.00,460.00,1.00,1.00
59153203,2.00,554.00,554.00,554.00,1.00,1.00
59153204,2.00,404.00,404.00,404.00,1.00,1.00
59153205,3.00,388.00,388.00,388.00,1.00,1.00
59153206,2.00,569.00,569.00,569.00,1.00,1.00
59153207,3.00,486.00,486.00,486.00,1.00,1.00
59153208,5.00,611.00,611.00,611.00,1.00,1.00
59153209,6.00,470.00,470.00,470.00,1.00,1.00
59153210,5.00,515.00,515.00,515.00,1.00,1.00
59153211,4.00,462.00,462.00,462.00,1.00,1.00
59153212,4.00,425.00,425.00,425.00,1.00,1.00
59153213,6.00,596.00,596.00,596.00,1.00,1.00
59153214,10.00,658.00,658.00,658.00,1.00,1.00
59153215,18.00,990.00,990.00,990.00,1.00,1.00
59153216,7.00,789.00,789.00,789.00,1.00,1.00
59153217,6.00,545.00,341.00,545.00,0.63,1.00
59153218,6.00,478.00,355.00,478.00,0.74,1.00
59153219,4.00,513.00,513.00,513.00,1.00,1.00
59153220,4.00,409.00,246.00,409.00,0.60,1.00
59153221,4.00,607.00,482.00,607.00,0.79,1.00
59153222,12.00,679.00,679.00,679.00,1.00,1.00
59153223,7.00,483.00,416.00,483.00,0.86,1.00
59153224,7.00,791.00,0.00,791.00,0.00,1.00
59153225,6.00,584.00,0.00,584.00,0.00,1.00
59153226,6.00,634.00,437.00,634.00,0.69,1.00
59153227,6.00,697.00,697.00,697.00,1.00,1.00
59153228,4.00,508.00,0.00,508.00,0.00,1.00
59153229,4.00,574.00,0.00,574.00,0.00,1.00
59153230,6.00,748.00,619.00,748.00,0.83,1.00
59153231,4.00,477.00,477.00,477.00,1.00,1.00
59153232,8.00,561.00,466.00,561.00,0.83,1.00
59153246,2.00,1082.00,0.00,1082.00,0.00,1.00
59153249,7.00,722.00,722.00,722.00,1.00,1.00
59153250,13.00,493.00,493.00,493.00,1.00,1.00
59153251,5.00,877.00,327.00,877.00,0.37,1.00
59153252,6.00,688.00,82.00,688.00,0.12,1.00
59153253,11.00,437.00,352.00,437.00,0.81,1.00
59153254,12.00,387.00,255.00,387.00,0.66,1.00
59153255,12.00,637.00,321.00,637.00,0.50,1.00
59153256,5.00,548.00,324.00,548.00,0.59,1.00
59153257,5.00,619.00,509.00,619.00,0.82,1.00
59153258,5.00,606.00,149.00,606.00,0.25,1.00
59153259,2.00,532.00,0.00,532.00,0.00,1.00
59153261,4.00,664.00,632.00,664.00,0.95,1.00
59153262,1.00,869.00,869.00,869.00,1.00,1.00
59153263,4.00,652.00,381.00,652.00,0.58,1.00
59153264,3.00,405.00,268.00,405.00,0.66,1.00
59153265,5.00,597.00,597.00,597.00,1.00,1.00
59153266,9.00,836.00,836.00,836.00,1.00,1.00
59153267,3.00,697.00,431.00,697.00,0.62,1.00
59153268,4.00,571.00,571.00,571.00,1.00,1.00
59153269,4.00,418.00,350.00,418.00,0.84,1.00
59153270,5.00,510.00,204.00,510.00,0.40,1.00
59153271,7.00,570.00,208.00,570.00,0.36,1.00
59153272,5.00,539.00,274.00,539.00,0.51,1.00
59153273,5.00,671.00,0.00,671.00,0.00,1.00
59153274,3.00,675.00,0.00,675.00,0.00,1.00
59153275,2.00,642.00,642.00,642.00,1.00,1.00
59153276,4.00,588.00,226.00,588.00,0.38,1.00
59153277,2.00,456.00,456.00,456.00,1.00,1.00
59153278,2.00,400.00,239.00,400.00,0.60,1.00
59153279,4.00,500.00,146.00,500.00,0.29,1.00
59153280,6.00,630.00,214.00,630.00,0.34,1.00
59153281,5.00,671.00,671.00,671.00,1.00,1.00
59153282,4.00,608.00,608.00,608.00,1.00,1.00
59153283,5.00,593.00,593.00,593.00,1.00,1.00
59153284,3.00,507.00,336.00,507.00,0.66,1.00
59153285,3.00,526.00,181.00,526.00,0.34,1.00
59153286,2.00,395.00,395.00,395.00,1.00,1.00
59153287,4.00,702.00,144.00,702.00,0.21,1.00
59153288,4.00,724.00,477.00,724.00,0.66,1.00
59153289,3.00,570.00,570.00,570.00,1.00,1.00
59153290,3.00,667.00,546.00,667.00,0.82,1.00
59153291,5.00,662.00,302.00,662.00,0.46,1.00
59153292,4.00,675.00,183.00,675.00,0.27,1.00
59153293,3.00,491.00,0.00,491.00,0.00,1.00
59153295,6.00,738.00,508.00,738.00,0.69,1.00
59153296,3.00,686.00,686.00,686.00,1.00,1.00
59153297,3.00,1017.00,1017.00,1017.00,1.00,1.00
59153298,3.00,612.00,612.00,612.00,1.00,1.00
59153299,3.00,565.00,366.00,565.00,0.65,1.00
59153300,4.00,486.00,356.00,486.00,0.73,1.00
59153301,2.00,437.00,0.00,437.00,0.00,1.00
59153302,2.00,470.00,0.00,470.00,0.00,1.00
59153303,3.00,481.00,0.00,481.00,0.00,1.00
59153304,4.00,1421.00,1087.00,1421.00,0.76,1.00
59153305,6.00,779.00,156.00,779.00,0.20,1.00
59153306,5.00,864.00,864.00,864.00,1.00,1.00
59153307,4.00,436.00,436.00,436.00,1.00,1.00
59153308,4.00,741.00,650.00,741.00,0.88,1.00
59153370,2.00,911.00,911.00,911.00,1.00,1.00
59153371,1.00,842.00,842.00,842.00,1.00,1.00
59153372,2.00,957.00,957.00,957.00,1.00,1.00
59153373,2.00,1305.00,1305.00,1305.00,1.00,1.00
59153394,4.00,1238.00,1238.00,1238.00,1.00,1.00
59153400,3.00,903.00,903.00,903.00,1.00,1.00
59153464,6.00,1622.00,1622.00,1622.00,1.00,1.00
59153466,13.00,693.00,457.00,693.00,0.66,1.00
59153467,2.00,970.00,970.00,970.00,1.00,1.00
59153469,3.00,1035.00,1035.00,1035.00,1.00,1.00
59153470,5.00,853.00,853.00,853.00,1.00,1.00
59153471,3.00,1359.00,1359.00,1359.00,1.00,1.00
59153472,2.00,431.00,431.00,431.00,1.00,1.00
59153473,1.00,502.00,502.00,502.00,1.00,1.00
59153474,2.00,908.00,908.00,908.00,1.00,1.00
59153476,4.00,727.00,727.00,727.00,1.00,1.00
59153477,1.00,489.00,489.00,489.00,1.00,1.00
59153479,2.00,1126.00,1126.00,1126.00,1.00,1.00
59153480,1.00,676.00,676.00,676.00,1.00,1.00
59153481,1.00,935.00,935.00,935.00,1.00,1.00
59153482,1.00,699.00,699.00,699.00,1.00,1.00
59153483,4.00,869.00,869.00,869.00,1.00,1.00
59153490,1.00,1574.00,1574.00,1574.00,1.00,1.00
59153491,2.00,1056.00,1056.00,1056.00,1.00,1.00
59153492,2.00,588.00,588.00,588.00,1.00,1.00
59153498,2.00,728.00,728.00,728.00,1.00,1.00
59153499,1.00,1132.00,1132.00,1132.00,1.00,1.00
59153500,1.00,429.00,429.00,429.00,1.00,1.00
59153539,1.00,1176.00,1176.00,1176.00,1.00,1.00
59153540,3.00,578.00,293.00,578.00,0.51,1.00
59153552,8.00,938.00,928.00,938.00,0.99,1.00
59153553,2.00,538.00,538.00,538.00,1.00,1.00
59153562,2.00,440.00,440.00,440.00,1.00,1.00
59153578,4.00,630.00,630.00,630.00,1.00,1.00
59153579,1.00,506.00,506.00,506.00,1.00,1.00
59153580,3.00,835.00,316.00,835.00,0.38,1.00
59153581,2.00,694.00,694.00,694.00,1.00,1.00
59153582,2.00,1396.00,832.00,1396.00,0.60,1.00
59153583,3.00,1001.00,1001.00,1001.00,1.00,1.00
59153585,8.00,1256.00,1256.00,1256.00,1.00,1.00
59153586,19.00,1105.00,1105.00,1105.00,1.00,1.00
59153587,1.00,750.00,750.00,750.00,1.00,1.00
59153588,2.00,883.00,883.00,883.00,1.00,1.00
59153589,2.00,905.00,905.00,905.00,1.00,1.00
59153590,1.00,430.00,430.00,430.00,1.00,1.00
59153591,2.00,867.00,867.00,867.00,1.00,1.00
59153668,1.00,351.00,351.00,351.00,1.00,1.00
59153669,1.00,347.00,347.00,347.00,1.00,1.00
59153670,1.00,677.00,677.00,677.00,1.00,1.00
59153671,1.00,403.00,403.00,403.00,1.00,1.00
59153672,1.00,637.00,637.00,637.00,1.00,1.00
59153673,1.00,667.00,667.00,667.00,1.00,1.00
59153674,2.00,609.00,609.00,609.00,1.00,1.00
59153675,1.00,695.00,695.00,695.00,1.00,1.00
59153676,3.00,788.00,788.00,788.00,1.00,1.00
59153677,1.00,429.00,0.00,429.00,0.00,1.00
59153678,1.00,603.00,603.00,603.00,1.00,1.00
59153679,4.00,967.00,967.00,967.00,1.00,1.00
59153680,1.00,784.00,784.00,784.00,1.00,1.00
59153681,2.00,948.00,948.00,948.00,1.00,1.00
59153682,2.00,683.00,0.00,683.00,0.00,1.00
59153683,2.00,1302.00,1302.00,1302.00,1.00,1.00
59153684,2.00,779.00,779.00,779.00,1.00,1.00
59153685,1.00,483.00,483.00,483.00,1.00,1.00
59153686,15.00,886.00,886.00,886.00,1.00,1.00
59153687,5.00,621.00,621.00,621.00,1.00,1.00
59153688,4.00,822.00,822.00,822.00,1.00,1.00
59153689,16.00,775.00,775.00,775.00,1.00,1.00
59153690,3.00,439.00,439.00,439.00,1.00,1.00
59153691,4.00,542.00,542.00,542.00,1.00,1.00
59153692,3.00,1428.00,472.00,1428.00,0.33,1.00
59153799,1.00,268.00,0.00,268.00,0.00,1.00
59153800,4.00,458.00,0.00,458.00,0.00,1.00
59153801,3.00,326.00,326.00,326.00,1.00,1.00
59153805,7.00,729.00,729.00,729.00,1.00,1.00
59153806,5.00,616.00,339.00,616.00,0.55,1.00
59153807,3.00,405.00,405.00,405.00,1.00,1.00
59153809,8.00,815.00,509.00,815.00,0.62,1.00
59153810,5.00,348.00,284.00,348.00,0.82,1.00
59153812,7.00,493.00,493.00,493.00,1.00,1.00
59153814,3.00,345.00,179.00,345.00,0.52,1.00
59153815,4.00,660.00,337.00,660.00,0.51,1.00
59153816,5.00,401.00,401.00,401.00,1.00,1.00
59153818,4.00,802.00,802.00,802.00,1.00,1.00
59153821,3.00,418.00,0.00,418.00,0.00,1.00
59153825,8.00,731.00,40.00,731.00,0.05,1.00
59153826,10.00,483.00,410.00,483.00,0.85,1.00
59153831,3.00,755.00,755.00,755.00,1.00,1.00
59153833,2.00,383.00,383.00,383.00,1.00,1.00
59153835,1.00,303.00,303.00,303.00,1.00,1.00
59153836,1.00,291.00,291.00,291.00,1.00,1.00
59153838,2.00,327.00,327.00,327.00,1.00,1.00
59153839,6.00,1379.00,1379.00,1379.00,1.00,1.00
59153843,5.00,2188.00,2188.00,2188.00,1.00,1.00
59153847,3.00,1609.00,1609.00,1609.00,1.00,1.00
59153849,2.00,1052.00,405.00,1052.00,0.38,1.00
59153851,1.00,373.00,373.00,373.00,1.00,1.00
59153852,3.00,1658.00,572.00,1658.00,0.34,1.00
59153955,2.00,1326.00,1326.00,1326.00,1.00,1.00
59153956,3.00,939.00,394.00,939.00,0.42,1.00
59153986,3.00,1362.00,1362.00,1362.00,1.00,1.00
59153987,4.00,1500.00,1500.00,1500.00,1.00,1.00
59153988,4.00,1257.00,1257.00,1257.00,1.00,1.00
59153989,3.00,521.00,521.00,521.00,1.00,1.00
59153990,3.00,696.00,696.00,696.00,1.00,1.00
59153991,6.00,1451.00,978.00,1451.00,0.67,1.00
59153994,2.00,636.00,636.00,636.00,1.00,1.00
59153995,5.00,196.00,196.00,196.00,1.00,1.00
59153996,1.00,797.00,797.00,797.00,1.00,1.00
59153997,4.00,1173.00,1173.00,1173.00,1.00,1.00
59154000,7.00,3103.00,3103.00,3103.00,1.00,1.00
59154002,4.00,1285.00,1285.00,1285.00,1.00,1.00
59154026,2.00,58.00,58.00,58.00,1.00,1.00
59154027,5.00,1577.00,1469.00,1577.00,0.93,1.00
59154134,3.00,1483.00,1483.00,1483.00,1.00,1.00
59154135,2.00,1046.00,1046.00,1046.00,1.00,1.00
59154136,1.00,988.00,988.00,988.00,1.00,1.00
59154137,1.00,1034.00,1034.00,1034.00,1.00,1.00
59154138,1.00,1118.00,1118.00,1118.00,1.00,1.00
59154139,1.00,1703.00,1703.00,1703.00,1.00,1.00
59154140,4.00,1451.00,1451.00,1451.00,1.00,1.00
59154141,3.00,1546.00,1546.00,1546.00,1.00,1.00
59154142,4.00,1444.00,1444.00,1444.00,1.00,1.00
59154143,8.00,844.00,563.00,844.00,0.67,1.00
59154144,2.00,1309.00,1309.00,1309.00,1.00,1.00
59154145,2.00,890.00,890.00,890.00,1.00,1.00
59154146,13.00,1156.00,1156.00,1156.00,1.00,1.00
59154147,2.00,655.00,655.00,655.00,1.00,1.00
59154148,1.00,855.00,855.00,855.00,1.00,1.00
59154149,1.00,497.00,497.00,497.00,1.00,1.00
59154150,3.00,342.00,204.00,342.00,0.60,1.00
59154152,3.00,273.00,273.00,273.00,1.00,1.00
59154154,6.00,536.00,96.00,536.00,0.18,1.00
59154156,4.00,996.00,996.00,996.00,1.00,1.00
59154157,4.00,407.00,379.00,407.00,0.93,1.00
59154158,5.00,439.00,439.00,439.00,1.00,1.00
59154159,2.00,332.00,332.00,332.00,1.00,1.00
59154164,3.00,572.00,572.00,572.00,1.00,1.00
59154165,14.00,661.00,661.00,661.00,1.00,1.00
59154166,1.00,345.00,345.00,345.00,1.00,1.00
59154167,2.00,981.00,981.00,981.00,1.00,1.00
59154168,2.00,372.00,0.00,372.00,0.00,1.00
59154169,8.00,948.00,948.00,948.00,1.00,1.00
59154172,9.00,1672.00,512.00,1672.00,0.31,1.00
59154173,40.00,895.00,627.00,895.00,0.70,1.00
59154174,17.00,8739.00,8322.00,8739.00,0.95,1.00
59154177,3.00,479.00,241.00,479.00,0.50,1.00
59154180,2.00,479.00,270.00,479.00,0.56,1.00
59154181,4.00,686.00,686.00,686.00,1.00,1.00
59154182,5.00,1139.00,1139.00,1139.00,1.00,1.00
59154183,4.00,196.00,196.00,196.00,1.00,1.00
59154184,5.00,1909.00,418.00,1909.00,0.22,1.00
59154185,4.00,1303.00,1303.00,1303.00,1.00,1.00
59154186,3.00,586.00,586.00,586.00,1.00,1.00
59154187,9.00,1027.00,1027.00,1027.00,1.00,1.00
59154188,7.00,840.00,840.00,840.00,1.00,1.00
59154189,4.00,389.00,298.00,389.00,0.77,1.00
59154190,8.00,829.00,585.00,829.00,0.71,1.00
59154191,10.00,664.00,664.00,664.00,1.00,1.00
59154192,4.00,965.00,474.00,965.00,0.49,1.00
59154193,5.00,907.00,907.00,907.00,1.00,1.00
59154194,3.00,650.00,650.00,650.00,1.00,1.00
59154195,6.00,689.00,689.00,689.00,1.00,1.00
59154196,4.00,774.00,327.00,774.00,0.42,1.00