analysis_area,experience_variant,variable,variable_label,diagnostic_group,diagnostic_group_label,group_da_count,n,mean_raw,sd_raw,mean_z,standardization_mean,standardization_sd,standardization_scope,profile_test,profile_test_statistic,profile_test_p_value,profile_test_eta_squared,significance_marker,source_equity_da_sha256
vancouver,rating,pct_bachelor_plus,Education (bachelor's+),HH,"High supply, high experience",258,258,45.50736434108527,13.869900788761445,0.10641427435817066,43.99149184149184,14.24501091358555,classified DAs in analysis area; applied unchanged to insufficient-experience DAs,Kruskal-Wallis comparison of continuous indicator across four divergence quadrants and two insufficient-experience groups,43.034779313732045,3.63558185694636e-08,0.037695519636999054,***,e254ba55b9ea9905de8beb86efb516011871906a6f8c54af5980b0bdab252f83
vancouver,rating,pct_bachelor_plus,Education (bachelor's+),LH,"Low supply, high experience",342,342,46.19970760233918,13.750063713076619,0.1550167826646837,43.99149184149184,14.24501091358555,classified DAs in analysis area; applied unchanged to insufficient-experience DAs,Kruskal-Wallis comparison of continuous indicator across four divergence quadrants and two insufficient-experience groups,43.034779313732045,3.63558185694636e-08,0.037695519636999054,***,e254ba55b9ea9905de8beb86efb516011871906a6f8c54af5980b0bdab252f83
vancouver,rating,pct_bachelor_plus,Education (bachelor's+),HL,"High supply, low experience",86,85,38.47764705882352,14.603052326650822,-0.38707199426640865,43.99149184149184,14.24501091358555,classified DAs in analysis area; applied unchanged to insufficient-experience DAs,Kruskal-Wallis comparison of continuous indicator across four divergence quadrants and two insufficient-experience groups,43.034779313732045,3.63558185694636e-08,0.037695519636999054,***,e254ba55b9ea9905de8beb86efb516011871906a6f8c54af5980b0bdab252f83
vancouver,rating,pct_bachelor_plus,Education (bachelor's+),LL,"Low supply, low experience",173,173,40.07456647398844,14.179043677465492,-0.27496822510453894,43.99149184149184,14.24501091358555,classified DAs in analysis area; applied unchanged to insufficient-experience DAs,Kruskal-Wallis comparison of continuous indicator across four divergence quadrants and two insufficient-experience groups,43.034779313732045,3.63558185694636e-08,0.037695519636999054,***,e254ba55b9ea9905de8beb86efb516011871906a6f8c54af5980b0bdab252f83
vancouver,rating,pct_bachelor_plus,Education (bachelor's+),no_reachable_park,No reachable park,140,140,40.65,14.307770691420567,-0.23457278213139474,43.99149184149184,14.24501091358555,classified DAs in analysis area; applied unchanged to insufficient-experience DAs,Kruskal-Wallis comparison of continuous indicator across four divergence quadrants and two insufficient-experience groups,43.034779313732045,3.63558185694636e-08,0.037695519636999054,***,e254ba55b9ea9905de8beb86efb516011871906a6f8c54af5980b0bdab252f83
vancouver,rating,pct_bachelor_plus,Education (bachelor's+),reachable_no_usable_experience,"Reachable park(s), no eligible rating",17,17,37.98235294117647,15.83916172395645,-0.4218416494566827,43.99149184149184,14.24501091358555,classified DAs in analysis area; applied unchanged to insufficient-experience DAs,Kruskal-Wallis comparison of continuous indicator across four divergence quadrants and two insufficient-experience groups,43.034779313732045,3.63558185694636e-08,0.037695519636999054,***,e254ba55b9ea9905de8beb86efb516011871906a6f8c54af5980b0bdab252f83
vancouver,rating,ALE_index,Active living environment,HH,"High supply, high experience",258,258,4.801593298639535,4.54879990453665,-0.07760122210410268,5.178273338140862,4.85404777512405,classified DAs in analysis area; applied unchanged to insufficient-experience DAs,Kruskal-Wallis comparison of continuous indicator across four divergence quadrants and two insufficient-experience groups,30.051476975354944,1.4408450410585509e-05,0.02480344254985638,***,e254ba55b9ea9905de8beb86efb516011871906a6f8c54af5980b0bdab252f83
vancouver,rating,ALE_index,Active living environment,LH,"Low supply, high experience",342,342,5.822458826897661,5.7727145300545475,0.13271099062067554,5.178273338140862,4.85404777512405,classified DAs in analysis area; applied unchanged to insufficient-experience DAs,Kruskal-Wallis comparison of continuous indicator across four divergence quadrants and two insufficient-experience groups,30.051476975354944,1.4408450410585509e-05,0.02480344254985638,***,e254ba55b9ea9905de8beb86efb516011871906a6f8c54af5980b0bdab252f83
vancouver,rating,ALE_index,Active living environment,HL,"High supply, low experience",86,86,4.891775235197673,3.7294502865698482,-0.05902251403692985,5.178273338140862,4.85404777512405,classified DAs in analysis area; applied unchanged to insufficient-experience DAs,Kruskal-Wallis comparison of continuous indicator across four divergence quadrants and two insufficient-experience groups,30.051476975354944,1.4408450410585509e-05,0.02480344254985638,***,e254ba55b9ea9905de8beb86efb516011871906a6f8c54af5980b0bdab252f83
vancouver,rating,ALE_index,Active living environment,LL,"Low supply, low experience",173,173,4.608971892416186,3.503156343476913,-0.11728385712275523,5.178273338140862,4.85404777512405,classified DAs in analysis area; applied unchanged to insufficient-experience DAs,Kruskal-Wallis comparison of continuous indicator across four divergence quadrants and two insufficient-experience groups,30.051476975354944,1.4408450410585509e-05,0.02480344254985638,***,e254ba55b9ea9905de8beb86efb516011871906a6f8c54af5980b0bdab252f83
vancouver,rating,ALE_index,Active living environment,no_reachable_park,No reachable park,140,140,3.779424283628571,3.4117694630028548,-0.2881819708658598,5.178273338140862,4.85404777512405,classified DAs in analysis area; applied unchanged to insufficient-experience DAs,Kruskal-Wallis comparison of continuous indicator across four divergence quadrants and two insufficient-experience groups,30.051476975354944,1.4408450410585509e-05,0.02480344254985638,***,e254ba55b9ea9905de8beb86efb516011871906a6f8c54af5980b0bdab252f83
vancouver,rating,ALE_index,Active living environment,reachable_no_usable_experience,"Reachable park(s), no eligible rating",17,17,2.1697416444705877,1.1685408434778175,-0.6197985337285619,5.178273338140862,4.85404777512405,classified DAs in analysis area; applied unchanged to insufficient-experience DAs,Kruskal-Wallis comparison of continuous indicator across four divergence quadrants and two insufficient-experience groups,30.051476975354944,1.4408450410585509e-05,0.02480344254985638,***,e254ba55b9ea9905de8beb86efb516011871906a6f8c54af5980b0bdab252f83
vancouver,rating,pct_age_0_14,Children aged 0-14,HH,"High supply, high experience",258,258,10.765116279069765,3.8370130885468043,-0.018252698551639128,10.836903376018626,3.932958008689151,classified DAs in analysis area; applied unchanged to insufficient-experience DAs,Kruskal-Wallis comparison of continuous indicator across four divergence quadrants and two insufficient-experience groups,8.452534570291002,0.13299621497655195,0.0034183510596940614,,e254ba55b9ea9905de8beb86efb516011871906a6f8c54af5980b0bdab252f83
vancouver,rating,pct_age_0_14,Children aged 0-14,LH,"Low supply, high experience",342,342,10.939766081871344,4.011274134202991,0.026154031043673302,10.836903376018626,3.932958008689151,classified DAs in analysis area; applied unchanged to insufficient-experience DAs,Kruskal-Wallis comparison of continuous indicator across four divergence quadrants and two insufficient-experience groups,8.452534570291002,0.13299621497655195,0.0034183510596940614,,e254ba55b9ea9905de8beb86efb516011871906a6f8c54af5980b0bdab252f83
vancouver,rating,pct_age_0_14,Children aged 0-14,HL,"High supply, low experience",86,86,10.60581395348837,4.390239298078323,-0.05875715479791638,10.836903376018626,3.932958008689151,classified DAs in analysis area; applied unchanged to insufficient-experience DAs,Kruskal-Wallis comparison of continuous indicator across four divergence quadrants and two insufficient-experience groups,8.452534570291002,0.13299621497655195,0.0034183510596940614,,e254ba55b9ea9905de8beb86efb516011871906a6f8c54af5980b0bdab252f83
vancouver,rating,pct_age_0_14,Children aged 0-14,LL,"Low supply, low experience",173,173,10.855491329479769,3.6988741870166213,0.004726201861315713,10.836903376018626,3.932958008689151,classified DAs in analysis area; applied unchanged to insufficient-experience DAs,Kruskal-Wallis comparison of continuous indicator across four divergence quadrants and two insufficient-experience groups,8.452534570291002,0.13299621497655195,0.0034183510596940614,,e254ba55b9ea9905de8beb86efb516011871906a6f8c54af5980b0bdab252f83
vancouver,rating,pct_age_0_14,Children aged 0-14,no_reachable_park,No reachable park,140,140,11.4,3.8133427244102975,0.1431738205028672,10.836903376018626,3.932958008689151,classified DAs in analysis area; applied unchanged to insufficient-experience DAs,Kruskal-Wallis comparison of continuous indicator across four divergence quadrants and two insufficient-experience groups,8.452534570291002,0.13299621497655195,0.0034183510596940614,,e254ba55b9ea9905de8beb86efb516011871906a6f8c54af5980b0bdab252f83
vancouver,rating,pct_age_0_14,Children aged 0-14,reachable_no_usable_experience,"Reachable park(s), no eligible rating",17,17,12.905882352941177,2.6342623702460086,0.5260618019189426,10.836903376018626,3.932958008689151,classified DAs in analysis area; applied unchanged to insufficient-experience DAs,Kruskal-Wallis comparison of continuous indicator across four divergence quadrants and two insufficient-experience groups,8.452534570291002,0.13299621497655195,0.0034183510596940614,,e254ba55b9ea9905de8beb86efb516011871906a6f8c54af5980b0bdab252f83
vancouver,rating,pct_age_65plus,Age 65+,HH,"High supply, high experience",258,258,19.884108527131783,9.120000862891889,0.284711936605502,17.605587892898722,8.002898162257905,classified DAs in analysis area; applied unchanged to insufficient-experience DAs,Kruskal-Wallis comparison of continuous indicator across four divergence quadrants and two insufficient-experience groups,40.92890328062176,9.698248848277615e-08,0.03557317156497204,***,e254ba55b9ea9905de8beb86efb516011871906a6f8c54af5980b0bdab252f83
vancouver,rating,pct_age_65plus,Age 65+,LH,"Low supply, high experience",342,342,16.957309941520467,6.502762040086417,-0.08100539807385874,17.605587892898722,8.002898162257905,classified DAs in analysis area; applied unchanged to insufficient-experience DAs,Kruskal-Wallis comparison of continuous indicator across four divergence quadrants and two insufficient-experience groups,40.92890328062176,9.698248848277615e-08,0.03557317156497204,***,e254ba55b9ea9905de8beb86efb516011871906a6f8c54af5980b0bdab252f83
vancouver,rating,pct_age_65plus,Age 65+,HL,"High supply, low experience",86,86,17.21860465116279,10.335552708723498,-0.04835538749711512,17.605587892898722,8.002898162257905,classified DAs in analysis area; applied unchanged to insufficient-experience DAs,Kruskal-Wallis comparison of continuous indicator across four divergence quadrants and two insufficient-experience groups,40.92890328062176,9.698248848277615e-08,0.03557317156497204,***,e254ba55b9ea9905de8beb86efb516011871906a6f8c54af5980b0bdab252f83
vancouver,rating,pct_age_65plus,Age 65+,LL,"Low supply, low experience",173,173,15.681502890173414,6.794295148534436,-0.2404235270416659,17.605587892898722,8.002898162257905,classified DAs in analysis area; applied unchanged to insufficient-experience DAs,Kruskal-Wallis comparison of continuous indicator across four divergence quadrants and two insufficient-experience groups,40.92890328062176,9.698248848277615e-08,0.03557317156497204,***,e254ba55b9ea9905de8beb86efb516011871906a6f8c54af5980b0bdab252f83
vancouver,rating,pct_age_65plus,Age 65+,no_reachable_park,No reachable park,140,140,17.435714285714287,6.534755684815317,-0.02122651116386426,17.605587892898722,8.002898162257905,classified DAs in analysis area; applied unchanged to insufficient-experience DAs,Kruskal-Wallis comparison of continuous indicator across four divergence quadrants and two insufficient-experience groups,40.92890328062176,9.698248848277615e-08,0.03557317156497204,***,e254ba55b9ea9905de8beb86efb516011871906a6f8c54af5980b0bdab252f83
vancouver,rating,pct_age_65plus,Age 65+,reachable_no_usable_experience,"Reachable park(s), no eligible rating",17,17,20.488235294117647,7.918323871955255,0.3602004352390293,17.605587892898722,8.002898162257905,classified DAs in analysis area; applied unchanged to insufficient-experience DAs,Kruskal-Wallis comparison of continuous indicator across four divergence quadrants and two insufficient-experience groups,40.92890328062176,9.698248848277615e-08,0.03557317156497204,***,e254ba55b9ea9905de8beb86efb516011871906a6f8c54af5980b0bdab252f83
vancouver,rating,pct_LIM_AT,Low income (LIM-AT),HH,"High supply, high experience",258,257,12.74591439688716,5.2761100024799035,-0.0556017761973514,13.102937720329026,6.421077667998544,classified DAs in analysis area; applied unchanged to insufficient-experience DAs,Kruskal-Wallis comparison of continuous indicator across four divergence quadrants and two insufficient-experience groups,8.612240177314616,0.12556654637544923,0.0036086315457688474,,e254ba55b9ea9905de8beb86efb516011871906a6f8c54af5980b0bdab252f83
vancouver,rating,pct_LIM_AT,Low income (LIM-AT),LH,"Low supply, high experience",342,342,13.014912280701756,5.267905911292453,-0.013708826489667567,13.102937720329026,6.421077667998544,classified DAs in analysis area; applied unchanged to insufficient-experience DAs,Kruskal-Wallis comparison of continuous indicator across four divergence quadrants and two insufficient-experience groups,8.612240177314616,0.12556654637544923,0.0036086315457688474,,e254ba55b9ea9905de8beb86efb516011871906a6f8c54af5980b0bdab252f83
vancouver,rating,pct_LIM_AT,Low income (LIM-AT),HL,"High supply, low experience",86,81,13.887654320987659,9.388322303745879,0.12220948588887348,13.102937720329026,6.421077667998544,classified DAs in analysis area; applied unchanged to insufficient-experience DAs,Kruskal-Wallis comparison of continuous indicator across four divergence quadrants and two insufficient-experience groups,8.612240177314616,0.12556654637544923,0.0036086315457688474,,e254ba55b9ea9905de8beb86efb516011871906a6f8c54af5980b0bdab252f83
vancouver,rating,pct_LIM_AT,Low income (LIM-AT),LL,"Low supply, low experience",173,171,13.443859649122805,8.152913969370122,0.05309419172623824,13.102937720329026,6.421077667998544,classified DAs in analysis area; applied unchanged to insufficient-experience DAs,Kruskal-Wallis comparison of continuous indicator across four divergence quadrants and two insufficient-experience groups,8.612240177314616,0.12556654637544923,0.0036086315457688474,,e254ba55b9ea9905de8beb86efb516011871906a6f8c54af5980b0bdab252f83
vancouver,rating,pct_LIM_AT,Low income (LIM-AT),no_reachable_park,No reachable park,140,139,11.923021582733812,5.853579563175797,-0.18375671477635214,13.102937720329026,6.421077667998544,classified DAs in analysis area; applied unchanged to insufficient-experience DAs,Kruskal-Wallis comparison of continuous indicator across four divergence quadrants and two insufficient-experience groups,8.612240177314616,0.12556654637544923,0.0036086315457688474,,e254ba55b9ea9905de8beb86efb516011871906a6f8c54af5980b0bdab252f83
vancouver,rating,pct_LIM_AT,Low income (LIM-AT),reachable_no_usable_experience,"Reachable park(s), no eligible rating",17,17,13.682352941176468,6.049404443219767,0.09023644484712318,13.102937720329026,6.421077667998544,classified DAs in analysis area; applied unchanged to insufficient-experience DAs,Kruskal-Wallis comparison of continuous indicator across four divergence quadrants and two insufficient-experience groups,8.612240177314616,0.12556654637544923,0.0036086315457688474,,e254ba55b9ea9905de8beb86efb516011871906a6f8c54af5980b0bdab252f83
vancouver,rating,pct_immigrant,Immigrant share,HH,"High supply, high experience",258,258,42.04418604651163,11.604875581954554,0.04624045878018517,41.464918414918415,12.527289885831298,classified DAs in analysis area; applied unchanged to insufficient-experience DAs,Kruskal-Wallis comparison of continuous indicator across four divergence quadrants and two insufficient-experience groups,21.69103961608561,0.0005993437958782617,0.016542160174514976,***,e254ba55b9ea9905de8beb86efb516011871906a6f8c54af5980b0bdab252f83
vancouver,rating,pct_immigrant,Immigrant share,LH,"Low supply, high experience",342,342,41.488596491228066,11.532637039548677,0.0018901196128969198,41.464918414918415,12.527289885831298,classified DAs in analysis area; applied unchanged to insufficient-experience DAs,Kruskal-Wallis comparison of continuous indicator across four divergence quadrants and two insufficient-experience groups,21.69103961608561,0.0005993437958782617,0.016542160174514976,***,e254ba55b9ea9905de8beb86efb516011871906a6f8c54af5980b0bdab252f83
vancouver,rating,pct_immigrant,Immigrant share,HL,"High supply, low experience",86,85,41.891764705882345,15.389345508567699,0.03407331472761019,41.464918414918415,12.527289885831298,classified DAs in analysis area; applied unchanged to insufficient-experience DAs,Kruskal-Wallis comparison of continuous indicator across four divergence quadrants and two insufficient-experience groups,21.69103961608561,0.0005993437958782617,0.016542160174514976,***,e254ba55b9ea9905de8beb86efb516011871906a6f8c54af5980b0bdab252f83
vancouver,rating,pct_immigrant,Immigrant share,LL,"Low supply, low experience",173,173,40.344508670520234,14.12438253090325,-0.08943752037425094,41.464918414918415,12.527289885831298,classified DAs in analysis area; applied unchanged to insufficient-experience DAs,Kruskal-Wallis comparison of continuous indicator across four divergence quadrants and two insufficient-experience groups,21.69103961608561,0.0005993437958782617,0.016542160174514976,***,e254ba55b9ea9905de8beb86efb516011871906a6f8c54af5980b0bdab252f83
vancouver,rating,pct_immigrant,Immigrant share,no_reachable_park,No reachable park,140,140,43.74214285714286,13.81230849201992,0.18178109255698188,41.464918414918415,12.527289885831298,classified DAs in analysis area; applied unchanged to insufficient-experience DAs,Kruskal-Wallis comparison of continuous indicator across four divergence quadrants and two insufficient-experience groups,21.69103961608561,0.0005993437958782617,0.016542160174514976,***,e254ba55b9ea9905de8beb86efb516011871906a6f8c54af5980b0bdab252f83
vancouver,rating,pct_immigrant,Immigrant share,reachable_no_usable_experience,"Reachable park(s), no eligible rating",17,17,53.65294117647059,11.687980880324176,0.9729177557659263,41.464918414918415,12.527289885831298,classified DAs in analysis area; applied unchanged to insufficient-experience DAs,Kruskal-Wallis comparison of continuous indicator across four divergence quadrants and two insufficient-experience groups,21.69103961608561,0.0005993437958782617,0.016542160174514976,***,e254ba55b9ea9905de8beb86efb516011871906a6f8c54af5980b0bdab252f83
vancouver,rating,pct_visible_minority,Visible minority,HH,"High supply, high experience",258,258,50.57906976744186,23.35655341565079,-0.10012035539522014,52.92086247086246,23.389776176647477,classified DAs in analysis area; applied unchanged to insufficient-experience DAs,Kruskal-Wallis comparison of continuous indicator across four divergence quadrants and two insufficient-experience groups,29.357691993777202,1.972615211100269e-05,0.02414042814051259,***,e254ba55b9ea9905de8beb86efb516011871906a6f8c54af5980b0bdab252f83
vancouver,rating,pct_visible_minority,Visible minority,LH,"Low supply, high experience",342,342,53.48508771929825,21.897710344251255,0.024122729699274002,52.92086247086246,23.389776176647477,classified DAs in analysis area; applied unchanged to insufficient-experience DAs,Kruskal-Wallis comparison of continuous indicator across four divergence quadrants and two insufficient-experience groups,29.357691993777202,1.972615211100269e-05,0.02414042814051259,***,e254ba55b9ea9905de8beb86efb516011871906a6f8c54af5980b0bdab252f83
vancouver,rating,pct_visible_minority,Visible minority,HL,"High supply, low experience",86,85,56.21294117647058,26.481457071457587,0.1407486194286444,52.92086247086246,23.389776176647477,classified DAs in analysis area; applied unchanged to insufficient-experience DAs,Kruskal-Wallis comparison of continuous indicator across four divergence quadrants and two insufficient-experience groups,29.357691993777202,1.972615211100269e-05,0.02414042814051259,***,e254ba55b9ea9905de8beb86efb516011871906a6f8c54af5980b0bdab252f83
vancouver,rating,pct_visible_minority,Visible minority,LL,"Low supply, low experience",173,173,53.680346820809255,24.55227848792823,0.032470783140929105,52.92086247086246,23.389776176647477,classified DAs in analysis area; applied unchanged to insufficient-experience DAs,Kruskal-Wallis comparison of continuous indicator across four divergence quadrants and two insufficient-experience groups,29.357691993777202,1.972615211100269e-05,0.02414042814051259,***,e254ba55b9ea9905de8beb86efb516011871906a6f8c54af5980b0bdab252f83
vancouver,rating,pct_visible_minority,Visible minority,no_reachable_park,No reachable park,140,140,59.71285714285714,24.507640396847094,0.2903830554298275,52.92086247086246,23.389776176647477,classified DAs in analysis area; applied unchanged to insufficient-experience DAs,Kruskal-Wallis comparison of continuous indicator across four divergence quadrants and two insufficient-experience groups,29.357691993777202,1.972615211100269e-05,0.02414042814051259,***,e254ba55b9ea9905de8beb86efb516011871906a6f8c54af5980b0bdab252f83
vancouver,rating,pct_visible_minority,Visible minority,reachable_no_usable_experience,"Reachable park(s), no eligible rating",17,17,77.45882352941175,19.738447850056797,1.0490891778198452,52.92086247086246,23.389776176647477,classified DAs in analysis area; applied unchanged to insufficient-experience DAs,Kruskal-Wallis comparison of continuous indicator across four divergence quadrants and two insufficient-experience groups,29.357691993777202,1.972615211100269e-05,0.02414042814051259,***,e254ba55b9ea9905de8beb86efb516011871906a6f8c54af5980b0bdab252f83
