analysis_area,experience_variant,class_column,variable,variable_label,divergence_class,divergence_label,class_da_count,n,mean_raw,sd_raw,mean_z,standardization_mean,standardization_sd,standardization_scope,profile_test,profile_test_statistic,profile_test_p_value,profile_test_eta_squared,profile_test_n,profile_test_group_count,profile_test_p_method,significance_marker,strata_test,strata_test_statistic,strata_test_p_value,strata_test_cramers_v,strata_test_n,strata_test_p_method,strata_test_minimum_expected_count,strata_test_expected_cells_ge_5_share,strata_test_expected_count_assumptions_met,strata_test_monte_carlo_iterations,strata_significance_marker,experience_mean_difference
vancouver,sentiment,divergence_sentiment_sensitivity,pct_bachelor_plus,Education (bachelor's+),HH,High supply / high experience,199,199,47.14170854271356,13.85502932043737,0.21788360262128292,44.03983548766158,14.236376752240275,classified DAs in analysis area,Kruskal-Wallis comparison of continuous indicator across divergence quadrants,33.118620916526964,3.0403543570149916e-07,0.03555917463580515,851,4,scipy_asymptotic,***,Chi-square association of equity strata and divergence quadrant,29.084364183363657,5.864064250030702e-05,0.13072239893623785,851,pearson_asymptotic,30.45828437132785,1.0,True,0,***,0.3583384401220211
vancouver,sentiment,divergence_sentiment_sensitivity,pct_bachelor_plus,Education (bachelor's+),LH,Low supply / high experience,227,227,46.10176211453744,13.671428655520357,0.1448350702401436,44.03983548766158,14.236376752240275,classified DAs in analysis area,Kruskal-Wallis comparison of continuous indicator across divergence quadrants,33.118620916526964,3.0403543570149916e-07,0.03555917463580515,851,4,scipy_asymptotic,***,Chi-square association of equity strata and divergence quadrant,29.084364183363657,5.864064250030702e-05,0.13072239893623785,851,pearson_asymptotic,30.45828437132785,1.0,True,0,***,0.3583384401220211
vancouver,sentiment,divergence_sentiment_sensitivity,pct_bachelor_plus,Education (bachelor's+),HL,High supply / low experience,145,144,39.09930555555555,13.76639008665202,-0.34703562697781,44.03983548766158,14.236376752240275,classified DAs in analysis area,Kruskal-Wallis comparison of continuous indicator across divergence quadrants,33.118620916526964,3.0403543570149916e-07,0.03555917463580515,851,4,scipy_asymptotic,***,Chi-square association of equity strata and divergence quadrant,29.084364183363657,5.864064250030702e-05,0.13072239893623785,851,pearson_asymptotic,30.45828437132785,1.0,True,0,***,0.3583384401220211
vancouver,sentiment,divergence_sentiment_sensitivity,pct_bachelor_plus,Education (bachelor's+),LL,Low supply / low experience,281,281,42.709252669039145,14.39630606676842,-0.09346358569873106,44.03983548766158,14.236376752240275,classified DAs in analysis area,Kruskal-Wallis comparison of continuous indicator across divergence quadrants,33.118620916526964,3.0403543570149916e-07,0.03555917463580515,851,4,scipy_asymptotic,***,Chi-square association of equity strata and divergence quadrant,29.084364183363657,5.864064250030702e-05,0.13072239893623785,851,pearson_asymptotic,30.45828437132785,1.0,True,0,***,0.3583384401220211
vancouver,sentiment,divergence_sentiment_sensitivity,ALE_index,Active living environment,HH,High supply / high experience,199,199,5.3666839533216075,4.844197540540205,0.03286918597215335,5.206839084982394,4.863061363145223,classified DAs in analysis area,Kruskal-Wallis comparison of continuous indicator across divergence quadrants,6.46739412091847,0.0909573067606673,0.00408890816146046,852,4,scipy_asymptotic,,Chi-square association of equity strata and divergence quadrant,13.660691252376242,0.03366482786498773,0.08953679461217426,852,pearson_asymptotic,44.078638497652584,1.0,True,0,*,0.10427700942007909
vancouver,sentiment,divergence_sentiment_sensitivity,ALE_index,Active living environment,LH,Low supply / high experience,227,227,5.542541031052863,5.038648502646813,0.06903099118069764,5.206839084982394,4.863061363145223,classified DAs in analysis area,Kruskal-Wallis comparison of continuous indicator across divergence quadrants,6.46739412091847,0.0909573067606673,0.00408890816146046,852,4,scipy_asymptotic,,Chi-square association of equity strata and divergence quadrant,13.660691252376242,0.03366482786498773,0.08953679461217426,852,pearson_asymptotic,44.078638497652584,1.0,True,0,*,0.10427700942007909
vancouver,sentiment,divergence_sentiment_sensitivity,ALE_index,Active living environment,HL,High supply / low experience,145,145,4.079542307344828,3.4512709984504477,-0.2318080512371899,5.206839084982394,4.863061363145223,classified DAs in analysis area,Kruskal-Wallis comparison of continuous indicator across divergence quadrants,6.46739412091847,0.0909573067606673,0.00408890816146046,852,4,scipy_asymptotic,,Chi-square association of equity strata and divergence quadrant,13.660691252376242,0.03366482786498773,0.08953679461217426,852,pearson_asymptotic,44.078638497652584,1.0,True,0,*,0.10427700942007909
vancouver,sentiment,divergence_sentiment_sensitivity,ALE_index,Active living environment,LL,Low supply / low experience,281,281,5.404150694234875,5.278160705047438,0.04057353887158614,5.206839084982394,4.863061363145223,classified DAs in analysis area,Kruskal-Wallis comparison of continuous indicator across divergence quadrants,6.46739412091847,0.0909573067606673,0.00408890816146046,852,4,scipy_asymptotic,,Chi-square association of equity strata and divergence quadrant,13.660691252376242,0.03366482786498773,0.08953679461217426,852,pearson_asymptotic,44.078638497652584,1.0,True,0,*,0.10427700942007909
vancouver,sentiment,divergence_sentiment_sensitivity,pct_age_0_14,Children aged 0-14,HH,High supply / high experience,199,199,10.619597989949748,4.225603517853627,-0.052393375486692456,10.826291079812206,3.945023353476352,classified DAs in analysis area,Kruskal-Wallis comparison of continuous indicator across divergence quadrants,8.695562022994663,0.033624737083061795,0.006716464649757857,852,4,scipy_asymptotic,*,Chi-square association of equity strata and divergence quadrant,7.8156515661073005,0.254,0.06772481066869009,852,monte_carlo_label_permutation,0.8509389671361502,0.6666666666666666,False,4999,,0.11579336059811934
vancouver,sentiment,divergence_sentiment_sensitivity,pct_age_0_14,Children aged 0-14,LH,Low supply / high experience,227,227,11.43612334801762,4.021823095471333,0.154582676340314,10.826291079812206,3.945023353476352,classified DAs in analysis area,Kruskal-Wallis comparison of continuous indicator across divergence quadrants,8.695562022994663,0.033624737083061795,0.006716464649757857,852,4,scipy_asymptotic,*,Chi-square association of equity strata and divergence quadrant,7.8156515661073005,0.254,0.06772481066869009,852,monte_carlo_label_permutation,0.8509389671361502,0.6666666666666666,False,4999,,0.11579336059811934
vancouver,sentiment,divergence_sentiment_sensitivity,pct_age_0_14,Children aged 0-14,HL,High supply / low experience,145,145,10.870344827586205,3.616092967899252,0.011166916853655812,10.826291079812206,3.945023353476352,classified DAs in analysis area,Kruskal-Wallis comparison of continuous indicator across divergence quadrants,8.695562022994663,0.033624737083061795,0.006716464649757857,852,4,scipy_asymptotic,*,Chi-square association of equity strata and divergence quadrant,7.8156515661073005,0.254,0.06772481066869009,852,monte_carlo_label_permutation,0.8509389671361502,0.6666666666666666,False,4999,,0.11579336059811934
vancouver,sentiment,divergence_sentiment_sensitivity,pct_age_0_14,Children aged 0-14,LL,Low supply / low experience,281,281,10.457295373665481,3.7979635259683135,-0.09353447954156391,10.826291079812206,3.945023353476352,classified DAs in analysis area,Kruskal-Wallis comparison of continuous indicator across divergence quadrants,8.695562022994663,0.033624737083061795,0.006716464649757857,852,4,scipy_asymptotic,*,Chi-square association of equity strata and divergence quadrant,7.8156515661073005,0.254,0.06772481066869009,852,monte_carlo_label_permutation,0.8509389671361502,0.6666666666666666,False,4999,,0.11579336059811934
vancouver,sentiment,divergence_sentiment_sensitivity,pct_age_65plus,Age 65+,HH,High supply / high experience,199,199,19.74070351758794,9.499697045011898,0.26796287210403963,17.59237089201878,8.017277202250034,classified DAs in analysis area,Kruskal-Wallis comparison of continuous indicator across divergence quadrants,20.688835680404697,0.00012216043387598701,0.020859476038213087,852,4,scipy_asymptotic,***,Chi-square association of equity strata and divergence quadrant,25.37654618739986,0.00029075824094300015,0.12203417272163719,852,pearson_asymptotic,17.359154929577464,1.0,True,0,***,0.07070996725566686
vancouver,sentiment,divergence_sentiment_sensitivity,pct_age_65plus,Age 65+,LH,Low supply / high experience,227,227,16.240969162995594,5.740204810715064,-0.16856118292179273,17.59237089201878,8.017277202250034,classified DAs in analysis area,Kruskal-Wallis comparison of continuous indicator across divergence quadrants,20.688835680404697,0.00012216043387598701,0.020859476038213087,852,4,scipy_asymptotic,***,Chi-square association of equity strata and divergence quadrant,25.37654618739986,0.00029075824094300015,0.12203417272163719,852,pearson_asymptotic,17.359154929577464,1.0,True,0,***,0.07070996725566686
vancouver,sentiment,divergence_sentiment_sensitivity,pct_age_65plus,Age 65+,HL,High supply / low experience,145,145,18.5,9.470942402950195,0.11320914633293387,17.59237089201878,8.017277202250034,classified DAs in analysis area,Kruskal-Wallis comparison of continuous indicator across divergence quadrants,20.688835680404697,0.00012216043387598701,0.020859476038213087,852,4,scipy_asymptotic,***,Chi-square association of equity strata and divergence quadrant,25.37654618739986,0.00029075824094300015,0.12203417272163719,852,pearson_asymptotic,17.359154929577464,1.0,True,0,***,0.07070996725566686
vancouver,sentiment,divergence_sentiment_sensitivity,pct_age_65plus,Age 65+,LL,Low supply / low experience,281,281,16.694306049822064,7.2675233769538305,-0.11201618947947531,17.59237089201878,8.017277202250034,classified DAs in analysis area,Kruskal-Wallis comparison of continuous indicator across divergence quadrants,20.688835680404697,0.00012216043387598701,0.020859476038213087,852,4,scipy_asymptotic,***,Chi-square association of equity strata and divergence quadrant,25.37654618739986,0.00029075824094300015,0.12203417272163719,852,pearson_asymptotic,17.359154929577464,1.0,True,0,***,0.07070996725566686
vancouver,sentiment,divergence_sentiment_sensitivity,pct_LIM_AT,Low income (LIM-AT),HH,High supply / high experience,199,198,12.46212121212121,5.109126853338753,-0.10196406959386962,13.118957345971564,6.44183913477148,classified DAs in analysis area,Kruskal-Wallis comparison of continuous indicator across divergence quadrants,0.8006366015349184,0.849314760637029,0.0,844,4,scipy_asymptotic,,Chi-square association of equity strata and divergence quadrant,11.290366377260163,0.0762,0.0817838961760341,844,monte_carlo_label_permutation,1.3270142180094786,0.6666666666666666,False,4999,,-0.1633045232073618
vancouver,sentiment,divergence_sentiment_sensitivity,pct_LIM_AT,Low income (LIM-AT),LH,Low supply / high experience,227,227,12.714096916299559,5.174458583908404,-0.06284857805384593,13.118957345971564,6.44183913477148,classified DAs in analysis area,Kruskal-Wallis comparison of continuous indicator across divergence quadrants,0.8006366015349184,0.849314760637029,0.0,844,4,scipy_asymptotic,,Chi-square association of equity strata and divergence quadrant,11.290366377260163,0.0762,0.0817838961760341,844,monte_carlo_label_permutation,1.3270142180094786,0.6666666666666666,False,4999,,-0.1633045232073618
vancouver,sentiment,divergence_sentiment_sensitivity,pct_LIM_AT,Low income (LIM-AT),HL,High supply / low experience,145,140,13.807857142857141,8.031879537213461,0.10694147780981753,13.118957345971564,6.44183913477148,classified DAs in analysis area,Kruskal-Wallis comparison of continuous indicator across divergence quadrants,0.8006366015349184,0.849314760637029,0.0,844,4,scipy_asymptotic,,Chi-square association of equity strata and divergence quadrant,11.290366377260163,0.0762,0.0817838961760341,844,monte_carlo_label_permutation,1.3270142180094786,0.6666666666666666,False,4999,,-0.1633045232073618
vancouver,sentiment,divergence_sentiment_sensitivity,pct_LIM_AT,Low income (LIM-AT),LL,Low supply / low experience,281,279,13.568817204301077,7.241009983032699,0.06983407205890581,13.118957345971564,6.44183913477148,classified DAs in analysis area,Kruskal-Wallis comparison of continuous indicator across divergence quadrants,0.8006366015349184,0.849314760637029,0.0,844,4,scipy_asymptotic,,Chi-square association of equity strata and divergence quadrant,11.290366377260163,0.0762,0.0817838961760341,844,monte_carlo_label_permutation,1.3270142180094786,0.6666666666666666,False,4999,,-0.1633045232073618
vancouver,sentiment,divergence_sentiment_sensitivity,pct_immigrant,Immigrant share,HH,High supply / high experience,199,199,39.75929648241206,10.748525927008476,-0.13259678100567168,41.41668625146886,12.49947213262973,classified DAs in analysis area,Kruskal-Wallis comparison of continuous indicator across divergence quadrants,15.171240592032543,0.0016760079403361598,0.014369823603344207,851,4,scipy_asymptotic,**,Chi-square association of equity strata and divergence quadrant,35.15197041603816,4.026957876973452e-06,0.1437126703505779,851,pearson_asymptotic,30.119858989424205,1.0,True,0,***,-0.22743491236351507
vancouver,sentiment,divergence_sentiment_sensitivity,pct_immigrant,Immigrant share,LH,Low supply / high experience,227,227,40.20528634361233,11.150735849441336,-0.09691608533565028,41.41668625146886,12.49947213262973,classified DAs in analysis area,Kruskal-Wallis comparison of continuous indicator across divergence quadrants,15.171240592032543,0.0016760079403361598,0.014369823603344207,851,4,scipy_asymptotic,**,Chi-square association of equity strata and divergence quadrant,35.15197041603816,4.026957876973452e-06,0.1437126703505779,851,pearson_asymptotic,30.119858989424205,1.0,True,0,***,-0.22743491236351507
vancouver,sentiment,divergence_sentiment_sensitivity,pct_immigrant,Immigrant share,HL,High supply / low experience,145,144,45.111805555555556,14.298943657633062,0.2956220282647479,41.41668625146886,12.49947213262973,classified DAs in analysis area,Kruskal-Wallis comparison of continuous indicator across divergence quadrants,15.171240592032543,0.0016760079403361598,0.014369823603344207,851,4,scipy_asymptotic,**,Chi-square association of equity strata and divergence quadrant,35.15197041603816,4.026957876973452e-06,0.1437126703505779,851,pearson_asymptotic,30.119858989424205,1.0,True,0,***,-0.22743491236351507
vancouver,sentiment,divergence_sentiment_sensitivity,pct_immigrant,Immigrant share,LL,Low supply / low experience,281,281,41.67544483985765,13.32600848092007,0.020701561285400565,41.41668625146886,12.49947213262973,classified DAs in analysis area,Kruskal-Wallis comparison of continuous indicator across divergence quadrants,15.171240592032543,0.0016760079403361598,0.014369823603344207,851,4,scipy_asymptotic,**,Chi-square association of equity strata and divergence quadrant,35.15197041603816,4.026957876973452e-06,0.1437126703505779,851,pearson_asymptotic,30.119858989424205,1.0,True,0,***,-0.22743491236351507
vancouver,sentiment,divergence_sentiment_sensitivity,pct_visible_minority,Visible minority,HH,High supply / high experience,199,199,45.26281407035175,21.785349171075033,-0.3222665380928142,52.78848413631022,23.352316099883232,classified DAs in analysis area,Kruskal-Wallis comparison of continuous indicator across divergence quadrants,41.59660594262794,4.886170075608187e-09,0.04556860205741197,851,4,scipy_asymptotic,***,Chi-square association of equity strata and divergence quadrant,34.83981872065154,4.628631291848574e-06,0.14307315870923698,851,pearson_asymptotic,10.99882491186839,1.0,True,0,***,-0.38118329692363717
vancouver,sentiment,divergence_sentiment_sensitivity,pct_visible_minority,Visible minority,LH,Low supply / high experience,227,227,51.0431718061674,20.23328075404782,-0.07473829673586607,52.78848413631022,23.352316099883232,classified DAs in analysis area,Kruskal-Wallis comparison of continuous indicator across divergence quadrants,41.59660594262794,4.886170075608187e-09,0.04556860205741197,851,4,scipy_asymptotic,***,Chi-square association of equity strata and divergence quadrant,34.83981872065154,4.628631291848574e-06,0.14307315870923698,851,pearson_asymptotic,10.99882491186839,1.0,True,0,***,-0.38118329692363717
vancouver,sentiment,divergence_sentiment_sensitivity,pct_visible_minority,Visible minority,HL,High supply / low experience,145,144,61.2513888888889,24.49611924769632,0.3624010876000856,52.78848413631022,23.352316099883232,classified DAs in analysis area,Kruskal-Wallis comparison of continuous indicator across divergence quadrants,41.59660594262794,4.886170075608187e-09,0.04556860205741197,851,4,scipy_asymptotic,***,Chi-square association of equity strata and divergence quadrant,34.83981872065154,4.628631291848574e-06,0.14307315870923698,851,pearson_asymptotic,10.99882491186839,1.0,True,0,***,-0.38118329692363717
vancouver,sentiment,divergence_sentiment_sensitivity,pct_visible_minority,Visible minority,LL,Low supply / low experience,281,281,55.191103202846975,24.44620973820504,0.10288568621031864,52.78848413631022,23.352316099883232,classified DAs in analysis area,Kruskal-Wallis comparison of continuous indicator across divergence quadrants,41.59660594262794,4.886170075608187e-09,0.04556860205741197,851,4,scipy_asymptotic,***,Chi-square association of equity strata and divergence quadrant,34.83981872065154,4.628631291848574e-06,0.14307315870923698,851,pearson_asymptotic,10.99882491186839,1.0,True,0,***,-0.38118329692363717
