analysis_area,experience_variant,outcome_vs_LL,predictor_label,odds_ratio,confidence_interval_95,p_value,significance,reference_category,model_n,mcfadden_r2
Vancouver,sentiment,HH,Children aged 0-14 (%),1.1560170325761667,"[0.91, 1.47]",0.24331759343671877,ns,LL — Low supply / low experience,844,0.04635730950388406
Vancouver,sentiment,HH,Age 65+ (%),1.6329399667133317,"[1.33, 2.01]",3.9260532222331445e-06,***,LL — Low supply / low experience,844,0.04635730950388406
Vancouver,sentiment,HH,Visible minority (%),0.6417255546244116,"[0.50, 0.82]",0.0003991590444098377,***,LL — Low supply / low experience,844,0.04635730950388406
Vancouver,sentiment,HH,LIM-AT (%),0.744961748917379,"[0.59, 0.93]",0.011032750392982382,*,LL — Low supply / low experience,844,0.04635730950388406
Vancouver,sentiment,HH,Education (bachelor's+),1.1567555167063686,"[0.91, 1.47]",0.23878383499187572,ns,LL — Low supply / low experience,844,0.04635730950388406
Vancouver,sentiment,HH,Active living environment,1.065298805798952,"[0.83, 1.37]",0.6266187328239733,ns,LL — Low supply / low experience,844,0.04635730950388406
Vancouver,sentiment,LH,Children aged 0-14 (%),1.4346521302505209,"[1.15, 1.80]",0.0016259930313710276,**,LL — Low supply / low experience,844,0.04635730950388406
Vancouver,sentiment,LH,Age 65+ (%),1.0326679973238793,"[0.82, 1.30]",0.780764618789998,ns,LL — Low supply / low experience,844,0.04635730950388406
Vancouver,sentiment,LH,Visible minority (%),0.875160028710305,"[0.70, 1.10]",0.24401093866434131,ns,LL — Low supply / low experience,844,0.04635730950388406
Vancouver,sentiment,LH,LIM-AT (%),0.9178794291524293,"[0.75, 1.12]",0.40241935619756497,ns,LL — Low supply / low experience,844,0.04635730950388406
Vancouver,sentiment,LH,Education (bachelor's+),1.200974392443808,"[0.96, 1.50]",0.10960737151552083,ns,LL — Low supply / low experience,844,0.04635730950388406
Vancouver,sentiment,LH,Active living environment,1.1645056131704214,"[0.92, 1.47]",0.20640790554553878,ns,LL — Low supply / low experience,844,0.04635730950388406
Vancouver,sentiment,HL,Children aged 0-14 (%),1.00475480331354,"[0.77, 1.31]",0.9723393385135772,ns,LL — Low supply / low experience,844,0.04635730950388406
Vancouver,sentiment,HL,Age 65+ (%),1.1071221063278347,"[0.87, 1.42]",0.41758035235508184,ns,LL — Low supply / low experience,844,0.04635730950388406
Vancouver,sentiment,HL,Visible minority (%),1.1433702464705422,"[0.88, 1.48]",0.31156378717863364,ns,LL — Low supply / low experience,844,0.04635730950388406
Vancouver,sentiment,HL,LIM-AT (%),1.0956018467920172,"[0.90, 1.34]",0.3712063089849892,ns,LL — Low supply / low experience,844,0.04635730950388406
Vancouver,sentiment,HL,Education (bachelor's+),0.9647726496041551,"[0.75, 1.24]",0.7783580676655595,ns,LL — Low supply / low experience,844,0.04635730950388406
Vancouver,sentiment,HL,Active living environment,0.7653348145161114,"[0.56, 1.05]",0.10073127789638693,ns,LL — Low supply / low experience,844,0.04635730950388406
