amenity,amenity_label,n,chi_square,degrees_of_freedom,p_value,significance,minimum_expected_count,cramers_v
beach_waterfront,Beach/waterfront,852,172.97782716689105,3,2.895787187283828e-37,***,37.951877934272304,0.45058364233567383
trails,Trails,852,128.1945676960214,3,1.3247294499992832e-27,***,34.88849765258216,0.3878957432409362
picnic,Picnic area,852,73.4890978051206,3,7.636426641144613e-16,***,28.591549295774648,0.2936916914562331
washroom,Washroom,852,72.52075223793399,3,1.231286986219512e-15,***,27.570422535211268,0.2917503278496736
sports_fields,Sports fields,852,66.15495886983685,3,2.83972651351214e-14,***,70.96830985915493,0.27865151235940583
seating_shelter,Seating & shelter,852,52.721061486050594,3,2.1023942504990823e-11,***,24.677230046948356,0.24875526154826696
dog_offleash,Dog off-leash,852,48.87664215385139,3,1.385767485073703e-10,***,37.44131455399061,0.23951398891255204
community_garden,Community garden,852,21.286913122401423,3,9.177594126975089e-05,***,31.48474178403756,0.1580653023753953
courts,Courts,852,17.49246133850373,3,0.0005596386743828712,***,68.07511737089202,0.14328662850748475
playground,Playground,852,16.361388746974004,3,0.0009560311963155083,***,10.551643192488262,0.13857672213969982
water_play,Water play,852,8.086669853318309,3,0.044254052351443404,*,38.46244131455399,0.09742379864003156
