outcome_vs_LL,predictor,predictor_label,odds_ratio,ci_lower,ci_upper,p_value,significance,confidence_interval_95,reference_category,model_n,mcfadden_r2
HH,pct_age_0_14,Children aged 0-14 (%),1.2613907503932205,0.9482923213048565,1.677865136552196,0.11065272365410038,ns,"[0.95, 1.68]",LL - Low supply / low experience,844,0.17487302364172008
HH,pct_age_65plus,Age 65+ (%),1.3811719783915246,1.0664959888696772,1.7886949916387034,0.014364001004048901,*,"[1.07, 1.79]",LL - Low supply / low experience,844,0.17487302364172008
HH,pct_visible_minority,Visible minority (%),0.5655106102893971,0.41792445608056694,0.7652154491007707,0.00022052127796991697,***,"[0.42, 0.77]",LL - Low supply / low experience,844,0.17487302364172008
HH,pct_LIM_AT,LIM-AT (%),0.670440395588288,0.5135640243983515,0.8752371713792948,0.0032836550974382262,**,"[0.51, 0.88]",LL - Low supply / low experience,844,0.17487302364172008
HH,pct_bachelor_plus,Education (bachelor's+),0.7930314688402694,0.5900373547032557,1.0658628738637135,0.1242490730470089,ns,"[0.59, 1.07]",LL - Low supply / low experience,844,0.17487302364172008
HH,ALE_index,Active living environment,0.8591770771687638,0.6108676620034214,1.2084209000543318,0.38312092809838405,ns,"[0.61, 1.21]",LL - Low supply / low experience,844,0.17487302364172008
HH,sports_fields,Sports fields,1.3826967027610428,0.850715391010273,2.247344049524987,0.19101515444030848,ns,"[0.85, 2.25]",LL - Low supply / low experience,844,0.17487302364172008
HH,courts,Courts,1.0771447096230435,0.6654107358296547,1.7436459362536234,0.762347787131622,ns,"[0.67, 1.74]",LL - Low supply / low experience,844,0.17487302364172008
HH,trails,Trails,1.1869975590501545,0.5108063050121227,2.758312086922237,0.690274702833026,ns,"[0.51, 2.76]",LL - Low supply / low experience,844,0.17487302364172008
HH,dog_offleash,Dog off-leash,4.510396744786763,2.5268439514055925,8.051023009975177,3.474718182369104e-07,***,"[2.53, 8.05]",LL - Low supply / low experience,844,0.17487302364172008
HH,water_play,Water play,2.5760778971406633,1.5366512809810227,4.318596817815438,0.0003310046070796453,***,"[1.54, 4.32]",LL - Low supply / low experience,844,0.17487302364172008
HH,beach_waterfront,Beach/waterfront,11.606905745455272,4.845487552683467,27.803241576644552,3.783184692893721e-08,***,"[4.85, 27.80]",LL - Low supply / low experience,844,0.17487302364172008
HH,picnic,Picnic area,1.9686784585591697,0.9877509199432422,3.9237572903679117,0.05423251381302243,ns,"[0.99, 3.92]",LL - Low supply / low experience,844,0.17487302364172008
HH,community_garden,Community garden,0.3454712194610956,0.1756184836257218,0.6796002391769651,0.0020775769240484092,**,"[0.18, 0.68]",LL - Low supply / low experience,844,0.17487302364172008
LH,pct_age_0_14,Children aged 0-14 (%),1.448647832821383,1.141026890555876,1.8392034060789932,0.002340174851015021,**,"[1.14, 1.84]",LL - Low supply / low experience,844,0.17487302364172008
LH,pct_age_65plus,Age 65+ (%),1.018362746557038,0.7936031375579871,1.3067774489480488,0.8862746335071353,ns,"[0.79, 1.31]",LL - Low supply / low experience,844,0.17487302364172008
LH,pct_visible_minority,Visible minority (%),0.8887198697406266,0.686677088060728,1.1502102234142786,0.36997739905813076,ns,"[0.69, 1.15]",LL - Low supply / low experience,844,0.17487302364172008
LH,pct_LIM_AT,LIM-AT (%),0.8730378332513473,0.7058297805031142,1.0798567577368527,0.21067181752869157,ns,"[0.71, 1.08]",LL - Low supply / low experience,844,0.17487302364172008
LH,pct_bachelor_plus,Education (bachelor's+),1.0901519481146917,0.8448611166969842,1.4066587353723576,0.506871568760177,ns,"[0.84, 1.41]",LL - Low supply / low experience,844,0.17487302364172008
LH,ALE_index,Active living environment,1.1131214065935937,0.8376578397458727,1.479171097106664,0.46003145189639194,ns,"[0.84, 1.48]",LL - Low supply / low experience,844,0.17487302364172008
LH,sports_fields,Sports fields,1.1899536747446708,0.7824893880509973,1.8095961039998938,0.4161205692061486,ns,"[0.78, 1.81]",LL - Low supply / low experience,844,0.17487302364172008
LH,courts,Courts,1.284304070649886,0.8526231487048108,1.9345439405362939,0.2312411683425698,ns,"[0.85, 1.93]",LL - Low supply / low experience,844,0.17487302364172008
LH,trails,Trails,0.5353716061478265,0.23377577540666777,1.2260584150376788,0.13943111222677368,ns,"[0.23, 1.23]",LL - Low supply / low experience,844,0.17487302364172008
LH,dog_offleash,Dog off-leash,1.9778676303692482,1.140782394966633,3.429190685728356,0.015135443331347432,*,"[1.14, 3.43]",LL - Low supply / low experience,844,0.17487302364172008
LH,water_play,Water play,1.3844959349734327,0.8773276702079614,2.184849582486775,0.16219468348681498,ns,"[0.88, 2.18]",LL - Low supply / low experience,844,0.17487302364172008
LH,beach_waterfront,Beach/waterfront,6.978638426548205,3.0604869946646276,15.912955805202492,3.841420416032181e-06,***,"[3.06, 15.91]",LL - Low supply / low experience,844,0.17487302364172008
LH,picnic,Picnic area,2.365653304207661,1.277716760370888,4.379934371436248,0.006147488330518443,**,"[1.28, 4.38]",LL - Low supply / low experience,844,0.17487302364172008
LH,community_garden,Community garden,0.9438039709724982,0.5611511634107632,1.5873903391899677,0.8274054744161154,ns,"[0.56, 1.59]",LL - Low supply / low experience,844,0.17487302364172008
HL,pct_age_0_14,Children aged 0-14 (%),0.833663646204278,0.6200734026209291,1.1208271021866172,0.22832988943735788,ns,"[0.62, 1.12]",LL - Low supply / low experience,844,0.17487302364172008
HL,pct_age_65plus,Age 65+ (%),1.0317969212502718,0.7858318846031175,1.354748906936012,0.8217480309535832,ns,"[0.79, 1.35]",LL - Low supply / low experience,844,0.17487302364172008
HL,pct_visible_minority,Visible minority (%),1.1202029511134208,0.8238788668701462,1.5231057648684634,0.46899298983866955,ns,"[0.82, 1.52]",LL - Low supply / low experience,844,0.17487302364172008
HL,pct_LIM_AT,LIM-AT (%),1.100523011680897,0.8870487887473866,1.3653712339199227,0.3839656572744332,ns,"[0.89, 1.37]",LL - Low supply / low experience,844,0.17487302364172008
HL,pct_bachelor_plus,Education (bachelor's+),1.1326589317682885,0.845719643366273,1.5169521788662794,0.40329355230925845,ns,"[0.85, 1.52]",LL - Low supply / low experience,844,0.17487302364172008
HL,ALE_index,Active living environment,0.5784540128750587,0.38593866358168594,0.8670005795893441,0.008020198009374065,**,"[0.39, 0.87]",LL - Low supply / low experience,844,0.17487302364172008
HL,sports_fields,Sports fields,5.365449107871647,3.1134602511226115,9.246318182087157,1.4471939724151732e-09,***,"[3.11, 9.25]",LL - Low supply / low experience,844,0.17487302364172008
HL,courts,Courts,1.7788615060832922,1.0983406414710584,2.8810262848753014,0.019217095545834593,*,"[1.10, 2.88]",LL - Low supply / low experience,844,0.17487302364172008
HL,trails,Trails,1.4429752441297856,0.5817120055899704,3.5793958783086777,0.42885868617805456,ns,"[0.58, 3.58]",LL - Low supply / low experience,844,0.17487302364172008
HL,dog_offleash,Dog off-leash,3.9468361389062925,2.143439706664522,7.267531463069435,1.0447367939888098e-05,***,"[2.14, 7.27]",LL - Low supply / low experience,844,0.17487302364172008
HL,water_play,Water play,1.3008284452864882,0.7679239114580301,2.2035446726142798,0.328062969301015,ns,"[0.77, 2.20]",LL - Low supply / low experience,844,0.17487302364172008
HL,beach_waterfront,Beach/waterfront,1.8056211702029599,0.6582296010441763,4.95308598263161,0.25108341321509875,ns,"[0.66, 4.95]",LL - Low supply / low experience,844,0.17487302364172008
HL,picnic,Picnic area,0.7112115573932767,0.32973197128841264,1.5340395333618824,0.38488425878214627,ns,"[0.33, 1.53]",LL - Low supply / low experience,844,0.17487302364172008
HL,community_garden,Community garden,1.6180898771168937,0.9039898276897497,2.896287956159102,0.1051933382935995,ns,"[0.90, 2.90]",LL - Low supply / low experience,844,0.17487302364172008
