analysis_area,experience_variant,variable,variable_label,unit,eligible_da_count,n,missing_n,mean,standard_deviation,minimum,p25,median,p75,maximum
Vancouver,sentiment,park_access_pop_coverage,Population with park access,%,1016,1016,0,70.16220004057912,37.372072145490975,0.0,41.67917456099342,99.62630792227205,100.0,100.0
Vancouver,sentiment,supply_ha_per_1000_cap20,Accessible park area,"ha per 1,000",1016,1016,0,10.145058476295183,14.519711981941354,0.0,1.7496202182673102,4.617435097120465,12.196852637468316,97.89725267902462
Vancouver,sentiment,experience_sentiment_mean,Mean sentiment score,score (-1 to 1),1016,852,164,0.6952064010451598,0.09614218750352721,0.1849,0.648,0.7092083333333332,0.7546375000000001,0.89
Vancouver,sentiment,digital_salience_reviews_per_1000,Digital salience,"reviews per 1,000",1016,1016,0,3669.9680441553883,11690.94827983067,0.0,227.39978183801475,679.0244400698289,1758.0255932221498,163364.9289099526
Vancouver,sentiment,medhhinc,Median household income,2020 dollars,1016,1007,9,89752.33366434956,25161.095122614854,23200.0,75000.0,88000.0,101000.0,222000.0
Vancouver,sentiment,pct_bachelor_plus,Education (bachelor's+),%,1016,1015,1,43.429950738916254,14.330172217959822,0.0,31.3,44.5,55.6,79.1
Vancouver,sentiment,ALE_index,Active living environment,index,1016,1016,0,4.935178942054134,4.6792297276258115,-1.521935823,2.038305663,3.259757422,5.9764426835,23.6725649
Vancouver,sentiment,pct_age_0_14,Children aged 0-14,%,1016,1016,0,10.949114173228345,3.908858097748106,0.0,8.3,11.3,13.7,24.6
Vancouver,sentiment,pct_age_65plus,Age 65+,%,1016,1016,0,17.63041338582677,7.817839283361541,0.0,12.8,16.7,20.9,93.3
Vancouver,sentiment,pct_LIM_AT,Low income (LIM-AT),%,1016,1007,9,12.949851042701093,6.3477221128155294,2.4,8.8,11.6,15.4,61.0
Vancouver,sentiment,pct_immigrant,Immigrant share,%,1016,1015,1,41.98315270935961,12.801567100481726,0.0,31.9,41.6,51.650000000000006,95.7
Vancouver,sentiment,pct_visible_minority,Visible minority,%,1016,1015,1,54.26866995073891,23.78030369633605,3.6,33.95,52.6,76.5,100.0
