PlaceID,shared_entity_decision,shared_entity_reason
ChIJI84WgDbOhVQRokg55j_BiyI,accept,Derek Doubleday Arboretum is split into overlapping City and Township of Langley inventory polygons
ChIJMX8wAXfmhVQRbu4o_C0JW4c,accept,Pebble Hill Park and its touching reserve are components of the same named park entity
ChIJR4G2pjp_hlQRCyOtiH3LLog,accept,Sheffield Park and the nearby roadside-garden polygon are inventory components of the same park entity
ChIJRaT_AQB5hlQRRmQdVElC0BU,accept,Suter Brook Creek and Suter Brook Greenway are adjacent inventory components of the same greenway entity
ChIJScFxmc1-hlQRuzvXuX5i7Uw,accept,Noons Creek Park and the adjacent ravine polygon form the same park system
ChIJU764ZBt_hlQRatb6HOj2WpA,accept,Hockaday Park and Hockaday Creek ravine are linked components of the same park system
ChIJdU_t7uB_hlQRbnnclpFQIrY,accept,Hoy Creek Linear Park and the touching ravine polygon form the same park system
ChIJnSNAabDghVQRRIsFnWCczMo,accept,Holly Park and its touching reserve are components of the same named park entity
ChIJq9WtMjnOhVQRM73uf1TgOjA,accept,McLeod Athletic Park and its overlapping community-portion polygon are the same named park entity
ChIJtec3e6jchVQRtghfA50TYZM,accept,Elgin Heritage Park and the touching combined facility polygon refer to the same park entity
ChIJwWs8kkDDhVQR1w-uumQ_gJI,accept,Bell Estates Park and the touching detention-pond inventory polygon refer to the same park entity
ChIJAYnYN8zfhVQRves7o5BO21s,accept,The municipal and regional Deas Island records represent one physical regional park
ChIJGUiNaPfShVQRP39NwP7G5_M,accept,The municipal and regional Brae Island records represent one physical regional park
ChIJLXl-KwbGhVQRtoVk1IRBH9U,accept,The municipal and regional Campbell Valley records represent one physical regional park
ChIJWU4tO5TWhVQRlgZcrUePMrY,accept,The municipal and regional Surrey Bend records represent one physical regional park
ChIJd1csBnPFhVQRZeodxjkuEPo,accept,The municipal and regional Glen Valley records represent one physical regional park
ChIJdaixrQzThVQRaMUqZLQflZg,accept,The municipal and regional Derby Reach records represent one physical regional park
ChIJl40TwfbJhVQR5TDZKR41lQQ,accept,The municipal and regional Aldergrove records represent one physical regional park
ChIJp0vFq_DdhVQR15Gltp6Uets,accept,The municipal and regional Boundary Bay records represent one physical regional park
ChIJw29eFXZ3hlQR-bg8K4TSOEo,accept,The municipal and regional Burnaby Lake records represent one physical regional park
