park_entity_id,park_entity_name,municipality,park_name,entity_reason,evidence
burnaby__burnaby_lake_sports_complex,Burnaby Lake Sports Complex,Burnaby,Burnaby Lk Sports Complex - East,officially described section,City of Burnaby describes East and West as one sports complex extending across both sides of Kensington Avenue: https://www.burnaby.ca/recreation-and-arts/recreation-facilities/burnaby-lake-sports-complex
burnaby__burnaby_lake_sports_complex,Burnaby Lake Sports Complex,Burnaby,Burnaby Lk Sports Complex - West,officially described section,City of Burnaby describes East and West as one sports complex extending across both sides of Kensington Avenue: https://www.burnaby.ca/recreation-and-arts/recreation-facilities/burnaby-lake-sports-complex
township_of_langley__derek_doubleday_arboretum,Derek Doubleday Arboretum,City of Langley,Derek Doubleday Arboretum,cross-jurisdiction inventory duplicate,Exact-name City and Township inventory records overlap by 1.3132 ha and represent the one Township facility at 21177 Fraser Highway
township_of_langley__derek_doubleday_arboretum,Derek Doubleday Arboretum,Township of Langley,Derek Doubleday Arboretum,cross-jurisdiction inventory duplicate,Exact-name City and Township inventory records overlap by 1.3132 ha and represent the one Township facility at 21177 Fraser Highway
township_of_langley__mcleod_athletic_park,McLeod Athletic Park,Township of Langley,Mcleod Athletic Park,administrative component,The community-portion polygon touches and slightly overlaps the named park; the Township publishes one McLeod Athletic Park facility
township_of_langley__mcleod_athletic_park,McLeod Athletic Park,Township of Langley,Mcleod Athletic Park (community Portion),administrative component,The community-portion polygon touches and slightly overlaps the named park; the Township publishes one McLeod Athletic Park facility
township_of_langley__zazulak_park,Zazulak Park,City of Langley,Zazulak Park,cross-jurisdiction inventory split,Exact-name City and Township records are separated by less than 0.1 m at the municipal boundary
township_of_langley__zazulak_park,Zazulak Park,Township of Langley,Zazulak Park,cross-jurisdiction inventory split,Exact-name City and Township records are separated by less than 0.1 m at the municipal boundary
delta__holly_park,Holly Park,Delta,Holly Park,named reserve component,The park and reserve polygons touch; Delta publishes the site as one Holly Park at 4681 62 Street
delta__holly_park,Holly Park,Delta,Holly Park Reserve,named reserve component,The park and reserve polygons touch; Delta publishes the site as one Holly Park at 4681 62 Street
delta__pebble_hill_park,Pebble Hill Park,Delta,Pebble Hill Park,named reserve component,The park and reserve polygons touch; Delta publishes one multi-use Pebble Hill Park
delta__pebble_hill_park,Pebble Hill Park,Delta,Pebble Hill Park Reserve,named reserve component,The park and reserve polygons touch; Delta publishes one multi-use Pebble Hill Park
new_westminster__hume_park,Hume Park,New Westminster,Hume Park,embedded amenity polygon,The dog off-leash polygon is contained in Hume Park and is documented by the City as a Hume Park amenity
new_westminster__hume_park,Hume Park,New Westminster,Hume Park Off Leash Dog Area,embedded amenity polygon,The dog off-leash polygon is contained in Hume Park and is documented by the City as a Hume Park amenity
new_westminster__moody_park,Moody Park,New Westminster,Moody Park,embedded amenity polygon,The dog off-leash polygon is contained in Moody Park and is documented by the City as the Moody Park off-leash area
new_westminster__moody_park,Moody Park,New Westminster,Moody Park Off Leash Dog Area,embedded amenity polygon,The dog off-leash polygon is contained in Moody Park and is documented by the City as the Moody Park off-leash area
new_westminster__queens_park,Queen's Park,New Westminster,Queen's Park Off Leash Dog Area,embedded amenity polygon,The City locates the dog area in the southeast section of Queen's Park
new_westminster__queens_park,Queen's Park,New Westminster,Queens Park,embedded amenity polygon,The City locates the dog area in the southeast section of Queen's Park
surrey__bell_estates_park,Bell Estates Park,Surrey,122E - Detention Pond / Bell Estates Park,administrative component,The detention-pond inventory polygon is explicitly named as part of Bell Estates Park and touches the named park polygon
surrey__bell_estates_park,Bell Estates Park,Surrey,Bell Estates Park,administrative component,The detention-pond inventory polygon is explicitly named as part of Bell Estates Park and touches the named park polygon
surrey__elgin_heritage_park,Elgin Heritage Park,Surrey,Elgin Heritage Park,administrative component,Surrey describes the wetland meadow forest marina and Historic Stewart Farm as features of one Elgin Heritage Park
surrey__elgin_heritage_park,Elgin Heritage Park,Surrey,Elgin Heritage Park / Stewart Farm / Wards Marina,administrative component,Surrey describes the wetland meadow forest marina and Historic Stewart Farm as features of one Elgin Heritage Park
vancouver__spanish_banks_beach_park,Spanish Banks Beach Park,Vancouver,Spanish Banks Beach Park,officially described section,City of Vancouver describes Spanish Banks Beach as three sections including the extension
vancouver__spanish_banks_beach_park,Spanish Banks Beach Park,Vancouver,Spanish Banks Extension,officially described section,City of Vancouver describes Spanish Banks Beach as three sections including the extension
metro_vancouver__aldergrove_regional_park,Aldergrove Regional Park,Township of Langley,Aldergrove Regional Park,municipal-regional duplicate,The two source polygons represent the same named regional park and substantially overlap
metro_vancouver__aldergrove_regional_park,Aldergrove Regional Park,Metro Vancouver Regional Parks,Aldergrove Regional Park,municipal-regional duplicate,The two source polygons represent the same named regional park and substantially overlap
metro_vancouver__boundary_bay_regional_park,Boundary Bay Regional Park,Delta,Boundary Bay Regional Park,municipal-regional duplicate,The two source polygons represent the same named regional park and substantially overlap
metro_vancouver__boundary_bay_regional_park,Boundary Bay Regional Park,Metro Vancouver Regional Parks,Boundary Bay Regional Park,municipal-regional duplicate,The two source polygons represent the same named regional park and substantially overlap
metro_vancouver__brae_island_regional_park,Brae Island Regional Park,Township of Langley,Brae Island Regional Park,municipal-regional duplicate,The two source polygons represent the same named regional park and substantially overlap
metro_vancouver__brae_island_regional_park,Brae Island Regional Park,Metro Vancouver Regional Parks,Brae Island Regional Park,municipal-regional duplicate,The two source polygons represent the same named regional park and substantially overlap
metro_vancouver__burnaby_lake_regional_park,Burnaby Lake Regional Park,Burnaby,Burnaby Lake Regional Nature Park,municipal-regional duplicate,The municipal nature-park record and regional boundary represent Burnaby Lake Regional Park
metro_vancouver__burnaby_lake_regional_park,Burnaby Lake Regional Park,Metro Vancouver Regional Parks,Burnaby Lake Regional Park,municipal-regional duplicate,The municipal nature-park record and regional boundary represent Burnaby Lake Regional Park
metro_vancouver__campbell_valley_regional_park,Campbell Valley Regional Park,Township of Langley,Campbell Valley Regional Park,municipal-regional duplicate,The two source polygons represent the same named regional park and substantially overlap
metro_vancouver__campbell_valley_regional_park,Campbell Valley Regional Park,Metro Vancouver Regional Parks,Campbell Valley Regional Park,municipal-regional duplicate,The two source polygons represent the same named regional park and substantially overlap
metro_vancouver__deas_island_regional_park,Deas Island Regional Park,Delta,Deas Island Regional Park,municipal-regional duplicate,The two source polygons represent the same named regional park and substantially overlap
metro_vancouver__deas_island_regional_park,Deas Island Regional Park,Metro Vancouver Regional Parks,Deas Island Regional Park,municipal-regional duplicate,The two source polygons represent the same named regional park and substantially overlap
metro_vancouver__derby_reach_regional_park,Derby Reach Regional Park,Township of Langley,Derby Reach Regional Park,municipal-regional duplicate,The two source polygons represent the same named regional park and substantially overlap
metro_vancouver__derby_reach_regional_park,Derby Reach Regional Park,Metro Vancouver Regional Parks,Derby Reach Regional Park,municipal-regional duplicate,The two source polygons represent the same named regional park and substantially overlap
metro_vancouver__glen_valley_regional_park,Glen Valley Regional Park,Township of Langley,Glen Valley Regional Park,municipal-regional duplicate,The municipal polygon is contained within the corresponding named regional park boundary
metro_vancouver__glen_valley_regional_park,Glen Valley Regional Park,Metro Vancouver Regional Parks,Glen Valley Regional Park,municipal-regional duplicate,The municipal polygon is contained within the corresponding named regional park boundary
metro_vancouver__iona_beach_regional_park,Iona Beach Regional Park,Richmond,Iona Beach,municipal-regional duplicate,The municipal Iona Beach polygon is contained within Iona Beach Regional Park
metro_vancouver__iona_beach_regional_park,Iona Beach Regional Park,Metro Vancouver Regional Parks,Iona Beach Regional Park,municipal-regional duplicate,The municipal Iona Beach polygon is contained within Iona Beach Regional Park
metro_vancouver__surrey_bend_regional_park,Surrey Bend Regional Park,Surrey,Surrey Bend,municipal-regional duplicate,The municipal Surrey Bend polygons and regional boundary represent one physical regional park
metro_vancouver__surrey_bend_regional_park,Surrey Bend Regional Park,Metro Vancouver Regional Parks,Surrey Bend Regional Park,municipal-regional duplicate,The municipal Surrey Bend polygons and regional boundary represent one physical regional park
metro_vancouver__tynehead_regional_park,Tynehead Regional Park,Surrey,Tynehead Park,municipal-regional duplicate,The municipal Tynehead Park polygons are contained within the corresponding regional park boundary
metro_vancouver__tynehead_regional_park,Tynehead Regional Park,Metro Vancouver Regional Parks,Tynehead Regional Park,municipal-regional duplicate,The municipal Tynehead Park polygons are contained within the corresponding regional park boundary
metro_vancouver__belcarra_regional_park,təmtəmíxʷtən / Belcarra Regional Park,Port Moody,Belcarra Regional Park,municipal-regional duplicate,The municipal components and renamed regional boundary represent one physical regional park
metro_vancouver__belcarra_regional_park,təmtəmíxʷtən / Belcarra Regional Park,Port Moody,Belcarra Regional Park (Sasamat Lake),municipal-regional duplicate,The municipal components and renamed regional boundary represent one physical regional park
metro_vancouver__belcarra_regional_park,təmtəmíxʷtən / Belcarra Regional Park,Metro Vancouver Regional Parks,təmtəmíxʷtən / Belcarra Regional Park,municipal-regional duplicate,The municipal components and renamed regional boundary represent one physical regional park
metro_vancouver__south_langley_regional_park,South Langley Regional Park,Township of Langley,Municipal Natural Park,municipal-regional duplicate,The municipal natural-park polygon is contained within South Langley Regional Park
metro_vancouver__south_langley_regional_park,South Langley Regional Park,Metro Vancouver Regional Parks,South Langley Regional Park,municipal-regional duplicate,The municipal natural-park polygon is contained within South Langley Regional Park
